X,Y,Vx,VY,Xref,Yref
11.5500,-1.1600,0.0000,0.0000,-8.0705,4.3898
11.5501,-1.1599,0.0019,0.0016,-8.0111,4.0411
11.5502,-1.1599,0.0019,0.0016,-7.9436,3.6938
11.5503,-1.1598,0.0019,0.0016,-7.8434,3.3549
11.5503,-1.1597,0.0019,0.0016,-7.7228,3.0224
11.5504,-1.1596,0.0019,0.0016,-7.5825,2.6978
11.5505,-1.1595,0.0019,0.0016,-7.4143,2.3866
11.5507,-1.1594,0.0019,0.0016,-7.2344,2.0821
11.5508,-1.1594,0.0019,0.0016,-7.0253,1.7968
11.5508,-1.1593,0.0019,0.0016,-6.8084,1.5174
11.5510,-1.1592,0.0019,0.0016,-6.5651,1.2606
11.5511,-1.1591,0.0019,0.0016,-6.3110,1.0145
11.5512,-1.1590,0.0019,0.0016,-6.0392,0.7884
11.5513,-1.1589,0.0019,0.0016,-5.7610,0.5699
11.5514,-1.1588,0.0019,0.0016,-5.4752,0.3617
11.5515,-1.1588,0.0019,0.0016,-5.1780,0.1698
11.5516,-1.1587,0.0019,0.0016,-4.8775,-0.0169
11.5517,-1.1586,0.0019,0.0016,-4.5648,-0.1821
11.5518,-1.1585,0.0019,0.0016,-4.2501,-0.3438
11.5519,-1.1584,0.0019,0.0016,-3.9256,-0.4844
11.5520,-1.1583,0.0019,0.0016,-3.5981,-0.6182
11.5521,-1.1583,0.0019,0.0016,-3.2639,-0.7340
11.5522,-1.1582,0.0019,0.0016,-2.9254,-0.8367
11.5523,-1.1581,0.0019,0.0016,-2.5835,-0.9269
11.5524,-1.1580,0.0019,0.0016,-2.2367,-0.9969
11.5525,-1.1579,0.0019,0.0016,-1.8887,-1.0605
11.5526,-1.1578,0.0019,0.0016,-1.5369,-1.0967
11.5527,-1.1577,0.0019,0.0016,-1.1846,-1.1290
11.5528,-1.1576,0.0019,0.0016,-0.8311,-1.1397
11.5529,-1.1576,0.0019,0.0016,-0.4774,-1.1417
11.5530,-1.1575,0.0019,0.0016,-0.1236,-1.1436
11.5531,-1.1574,0.0019,0.0016,0.2301,-1.1456
11.5532,-1.1573,0.0019,0.0016,0.5839,-1.1476
11.5533,-1.1572,0.0019,0.0016,0.9376,-1.1492
11.5534,-1.1571,0.0019,0.0016,1.2913,-1.1505
11.5535,-1.1570,0.0019,0.0016,1.6451,-1.1519
11.5536,-1.1570,0.0019,0.0016,1.9988,-1.1533
11.5537,-1.1569,0.0019,0.0016,2.3526,-1.1547
11.5538,-1.1568,0.0019,0.0016,2.7063,-1.1557
11.5539,-1.1567,0.0019,0.0016,3.0601,-1.1566
11.5541,-1.1566,0.0019,0.0016,3.4138,-1.1575
11.5541,-1.1565,0.0019,0.0016,3.7676,-1.1583
11.5542,-1.1565,0.0019,0.0016,4.1213,-1.1592
11.5543,-1.1564,0.0019,0.0016,4.4750,-1.1598
11.5544,-1.1563,0.0019,0.0016,4.8288,-1.1602
11.5545,-1.1562,0.0019,0.0016,5.1825,-1.1607
11.5546,-1.1561,0.0019,0.0016,5.5363,-1.1611
11.5547,-1.1560,0.0019,0.0016,5.8900,-1.1616
11.5548,-1.1559,0.0019,0.0016,6.2438,-1.1618
11.5549,-1.1559,0.0019,0.0016,6.5975,-1.1619
11.5550,-1.1558,0.0019,0.0016,6.9513,-1.1620
11.5551,-1.1557,0.0019,0.0016,7.3050,-1.1621
11.5552,-1.1556,0.0019,0.0016,7.6588,-1.1622
11.5553,-1.1555,0.0019,0.0016,8.0125,-1.1622
11.5554,-1.1554,0.0019,0.0016,8.3663,-1.1621
11.5555,-1.1553,0.0019,0.0016,8.7200,-1.1620
11.5556,-1.1553,0.0019,0.0016,9.0737,-1.1618
11.5557,-1.1551,0.0019,0.0016,9.4275,-1.1617
11.5558,-1.1551,0.0019,0.0016,9.7812,-1.1614
11.5560,-1.1550,0.0019,0.0016,10.1350,-1.1612
11.5560,-1.1549,0.0019,0.0016,10.4887,-1.1609
11.5561,-1.1548,0.0019,0.0016,10.8425,-1.1606
11.5563,-1.1547,0.0019,0.0016,11.1962,-1.1603
11.5564,-1.1546,0.0019,0.0016,11.5500,-1.1600
11.5565,-1.1545,0.0019,0.0016,11.9037,-1.1597
11.5566,-1.1544,0.0019,0.0016,12.2575,-1.1593
11.5567,-1.1543,0.0019,0.0016,12.6112,-1.1590
11.5568,-1.1543,0.0019,0.0016,12.9650,-1.1586
11.5569,-1.1542,0.0019,0.0016,13.3187,-1.1583
11.5570,-1.1541,0.0019,0.0016,13.6724,-1.1580
11.5571,-1.1540,0.0019,0.0016,14.0262,-1.1577
11.5571,-1.1539,0.0019,0.0016,14.3799,-1.1574
11.5573,-1.1538,0.0019,0.0016,14.7337,-1.1570
11.5574,-1.1537,0.0019,0.0016,15.0874,-1.1568
11.5575,-1.1536,0.0019,0.0016,15.4412,-1.1566
11.5576,-1.1535,0.0019,0.0016,15.7949,-1.1564
11.5577,-1.1535,0.0019,0.0016,16.1487,-1.1562
11.5578,-1.1534,0.0019,0.0016,16.5024,-1.1560
11.5579,-1.1533,0.0019,0.0016,16.8562,-1.1559
11.5580,-1.1532,0.0019,0.0016,17.2099,-1.1559
11.5581,-1.1531,0.0019,0.0016,17.5637,-1.1559
11.5582,-1.1530,0.0019,0.0016,17.9174,-1.1559
11.5583,-1.1530,0.0019,0.0016,18.2712,-1.1559
11.5584,-1.1529,0.0019,0.0016,18.6249,-1.1561
11.5584,-1.1528,0.0019,0.0016,18.9786,-1.1565
11.5585,-1.1527,0.0019,0.0016,19.3324,-1.1568
11.5586,-1.1526,0.0019,0.0016,19.6861,-1.1571
11.5587,-1.1525,0.0019,0.0016,20.0399,-1.1573
11.5588,-1.1525,0.0019,0.0016,20.3936,-1.1619
11.5589,-1.1523,0.0019,0.0016,20.7473,-1.1699
11.5590,-1.1523,0.0019,0.0016,21.1006,-1.1561
11.5591,-1.1522,0.0019,0.0016,21.4540,-1.1382
11.5592,-1.1521,0.0019,0.0016,21.8051,-1.0952
11.5593,-1.1520,0.0019,0.0016,22.1558,-1.0494
11.5594,-1.1519,0.0019,0.0016,22.5028,-0.9807
11.5595,-1.1518,0.0019,0.0016,22.8484,-0.9058
11.5596,-1.1518,0.0019,0.0016,23.1899,-0.8135
11.5597,-1.1517,0.0019,0.0016,23.5279,-0.7094
11.5598,-1.1516,0.0019,0.0016,23.8622,-0.5937
11.5599,-1.1515,0.0019,0.0016,24.1898,-0.4606
11.5600,-1.1514,0.0019,0.0016,24.5117,-0.3139
11.5601,-1.1513,0.0019,0.0016,24.8186,-0.1381
11.5602,-1.1512,0.0019,0.0016,25.1178,0.0505
11.5603,-1.1511,0.0019,0.0016,25.3997,0.2642
11.5604,-1.1511,0.0019,0.0016,25.6707,0.4914
11.5605,-1.1510,0.0019,0.0016,25.9231,0.7394
11.5606,-1.1509,0.0019,0.0016,26.1613,1.0007
11.5607,-1.1508,0.0019,0.0016,26.3810,1.2780
11.5608,-1.1507,0.0019,0.0016,26.5806,1.5698
11.5609,-1.1506,0.0019,0.0016,26.7628,1.8730
11.5610,-1.1505,0.0019,0.0016,26.9295,2.1850
11.5611,-1.1504,0.0019,0.0016,27.0752,2.5073
11.5612,-1.1503,0.0019,0.0016,27.2019,2.8376
11.5613,-1.1502,0.0019,0.0016,27.3135,3.1733
11.5614,-1.1501,0.0019,0.0016,27.4109,3.5133
11.5615,-1.1501,0.0019,0.0016,27.4949,3.8568
11.5616,-1.1500,0.0019,0.0016,27.5666,4.2032
11.5617,-1.1499,0.0019,0.0016,27.6243,4.5522
11.5618,-1.1498,0.0019,0.0016,27.6673,4.9033
11.5619,-1.1497,0.0019,0.0016,27.6962,5.2559
11.5619,-1.1496,0.0019,0.0016,27.7106,5.6093
11.5620,-1.1496,0.0019,0.0016,27.7114,5.9630
11.5621,-1.1495,0.0019,0.0016,27.6956,6.3164
11.5622,-1.1494,0.0019,0.0016,27.6624,6.6686
11.5623,-1.1493,0.0019,0.0016,27.6129,7.0188
11.5624,-1.1492,0.0019,0.0016,27.5585,7.3683
11.5625,-1.1491,0.0019,0.0016,27.5087,7.7185
11.5626,-1.1491,0.0019,0.0016,27.4344,8.0642
11.5627,-1.1490,0.0019,0.0016,27.3477,8.4072
11.5628,-1.1489,0.0019,0.0016,27.2379,8.7434
11.5628,-1.1488,0.0019,0.0016,27.1195,9.0767
11.5629,-1.1487,0.0019,0.0016,26.9843,9.4037
11.5630,-1.1486,0.0019,0.0016,26.8406,9.7268
11.5631,-1.1486,0.0019,0.0016,26.6837,10.0439
11.5632,-1.1485,0.0019,0.0016,26.5120,10.3531
11.5633,-1.1484,0.0019,0.0016,26.3302,10.6566
11.5634,-1.1483,0.0019,0.0016,26.1334,10.9505
11.5635,-1.1482,0.0019,0.0016,25.9285,11.2388
11.5636,-1.1481,0.0019,0.0016,25.7083,11.5157
11.5637,-1.1481,0.0019,0.0016,25.4805,11.7862
11.5638,-1.1480,0.0019,0.0016,25.2387,12.0445
11.5639,-1.1479,0.0019,0.0016,24.9885,12.2944
11.5640,-1.1478,0.0019,0.0016,24.7269,12.5326
11.5640,-1.1477,0.0019,0.0016,24.4551,12.7589
11.5642,-1.1476,0.0019,0.0016,24.1749,12.9749
11.5643,-1.1475,0.0019,0.0016,23.8835,13.1753
11.5644,-1.1474,0.0019,0.0016,23.5856,13.3660
11.5644,-1.1473,0.0019,0.0016,23.2771,13.5392
11.5645,-1.1473,0.0019,0.0016,22.9675,13.7103
11.5646,-1.1472,0.0019,0.0016,22.6579,13.8815
11.5647,-1.1471,0.0019,0.0016,22.3484,14.0526
11.5648,-1.1470,0.0019,0.0016,22.0388,14.2238
11.5649,-1.1469,0.0019,0.0016,21.7291,14.3948
11.5650,-1.1468,0.0019,0.0016,21.4193,14.5656
11.5651,-1.1467,0.0019,0.0016,21.1096,14.7364
11.5652,-1.1466,0.0019,0.0016,20.7998,14.9072
11.5653,-1.1465,0.0019,0.0016,20.4900,15.0780
11.5654,-1.1465,0.0019,0.0016,20.1802,15.2488
11.5655,-1.1463,0.0019,0.0016,19.8703,15.4194
11.5656,-1.1463,0.0019,0.0016,19.5604,15.5900
11.5657,-1.1462,0.0019,0.0016,19.2505,15.7605
11.5658,-1.1461,0.0019,0.0016,18.9406,15.9311
11.5659,-1.1460,0.0019,0.0016,18.6307,16.1016
11.5660,-1.1459,0.0019,0.0016,18.3207,16.2721
11.5661,-1.1458,0.0019,0.0016,18.0106,16.4424
11.5662,-1.1457,0.0019,0.0016,17.7006,16.6127
11.5663,-1.1456,0.0019,0.0016,17.3906,16.7830
11.5664,-1.1455,0.0019,0.0016,17.0805,16.9534
11.5665,-1.1454,0.0019,0.0016,16.7705,17.1237
11.5665,-1.1454,0.0019,0.0016,16.4603,17.2939
11.5666,-1.1453,0.0019,0.0016,16.1502,17.4640
11.5667,-1.1452,0.0019,0.0016,15.8401,17.6341
11.5668,-1.1451,0.0019,0.0016,15.5299,17.8043
11.5669,-1.1450,0.0019,0.0016,15.2198,17.9744
11.5670,-1.1449,0.0019,0.0016,14.9096,18.1445
11.5671,-1.1448,0.0019,0.0016,14.5994,18.3145
11.5672,-1.1447,0.0019,0.0016,14.2892,18.4845
11.5673,-1.1447,0.0019,0.0016,13.9789,18.6545
11.5674,-1.1446,0.0019,0.0016,13.6687,18.8245
11.5675,-1.1445,0.0019,0.0016,13.3585,18.9945
11.5676,-1.1444,0.0019,0.0016,13.0483,19.1645
11.5677,-1.1443,0.0019,0.0016,12.7380,19.3344
11.5677,-1.1442,0.0019,0.0016,12.4277,19.5043
11.5678,-1.1441,0.0019,0.0016,12.1175,19.6742
11.5679,-1.1441,0.0019,0.0016,11.8072,19.8441
11.5680,-1.1440,0.0019,0.0016,11.4969,20.0141
11.5681,-1.1439,0.0019,0.0016,11.1867,20.1840
11.5682,-1.1438,0.0019,0.0016,10.8764,20.3538
11.5683,-1.1437,0.0019,0.0016,10.5661,20.5237
11.5684,-1.1436,0.0019,0.0016,10.2558,20.6936
11.5685,-1.1435,0.0019,0.0016,9.9455,20.8635
11.5686,-1.1434,0.0019,0.0016,9.6352,21.0333
11.5687,-1.1433,0.0019,0.0016,9.3249,21.2032
11.5688,-1.1432,0.0019,0.0016,9.0147,21.3731
11.5689,-1.1431,0.0019,0.0016,8.7044,21.5430
11.5690,-1.1430,0.0019,0.0016,8.3941,21.7129
11.5690,-1.1430,0.0019,0.0016,8.0838,21.8828
11.5691,-1.1429,0.0019,0.0016,7.7736,22.0528
11.5692,-1.1428,0.0019,0.0016,7.4633,22.2227
11.5693,-1.1427,0.0019,0.0016,7.1531,22.3927
11.5694,-1.1426,0.0019,0.0016,6.8428,22.5626
11.5695,-1.1425,0.0019,0.0016,6.5326,22.7326
11.5696,-1.1424,0.0019,0.0016,6.2224,22.9025
11.5697,-1.1423,0.0019,0.0016,5.9122,23.0726
11.5698,-1.1422,0.0019,0.0016,5.6020,23.2427
11.5699,-1.1421,0.0019,0.0016,5.2918,23.4127
11.5700,-1.1420,0.0019,0.0016,4.9816,23.5828
11.5701,-1.1419,0.0019,0.0016,4.6714,23.7528
11.5702,-1.1418,0.0019,0.0016,4.3613,23.9229
11.5703,-1.1417,0.0019,0.0016,4.0512,24.0932
11.5704,-1.1417,0.0019,0.0016,3.7411,24.2634
11.5705,-1.1416,0.0019,0.0016,3.4310,24.4337
11.5705,-1.1415,0.0019,0.0016,3.1209,24.6039
11.5706,-1.1414,0.0019,0.0016,2.8107,24.7740
11.5707,-1.1413,0.0019,0.0016,2.5055,24.9528
11.5709,-1.1412,0.0019,0.0016,2.1972,25.1263
11.5710,-1.1411,0.0019,0.0016,1.8851,25.2927
11.5711,-1.1410,0.0019,0.0016,1.5686,25.4506
11.5711,-1.1409,0.0019,0.0016,1.2474,25.5990
11.5712,-1.1408,0.0019,0.0016,0.9220,25.7376
11.5713,-1.1407,0.0019,0.0016,0.5927,25.8666
11.5714,-1.1406,0.0019,0.0016,0.2593,25.9849
11.5715,-1.1405,0.0019,0.0016,-0.0789,26.0886
11.5716,-1.1404,0.0019,0.0016,-0.4209,26.1789
11.5717,-1.1403,0.0019,0.0016,-0.7661,26.2560
11.5718,-1.1402,0.0019,0.0016,-1.1142,26.3187
11.5719,-1.1401,0.0019,0.0016,-1.4649,26.3649
11.5720,-1.1400,0.0019,0.0016,-1.8176,26.3917
11.5721,-1.1399,0.0019,0.0016,-2.1713,26.3921
11.5722,-1.1398,0.0019,0.0016,-2.5242,26.3684
11.5723,-1.1397,0.0019,0.0016,-2.8751,26.3235
11.5724,-1.1396,0.0019,0.0016,-3.2246,26.2690
11.5725,-1.1395,0.0019,0.0016,-3.5653,26.1742
11.5726,-1.1394,0.0019,0.0016,-3.9031,26.0693
11.5727,-1.1393,0.0019,0.0016,-4.2304,25.9355
11.5728,-1.1392,0.0019,0.0016,-4.5490,25.7818
11.5729,-1.1391,0.0019,0.0016,-4.8586,25.6110
11.5730,-1.1390,0.0019,0.0016,-5.1521,25.4136
11.5731,-1.1389,0.0019,0.0016,-5.4389,25.2067
11.5732,-1.1388,0.0019,0.0016,-5.7034,24.9718
11.5733,-1.1387,0.0019,0.0016,-5.9591,24.7273
11.5734,-1.1386,0.0019,0.0016,-6.1893,24.4588
11.5735,-1.1385,0.0019,0.0016,-6.4092,24.1818
11.5736,-1.1384,0.0019,0.0016,-6.6146,23.8939
11.5737,-1.1383,0.0019,0.0016,-6.8072,23.5972
11.5738,-1.1383,0.0019,0.0016,-6.9932,23.2964
11.5739,-1.1381,0.0019,0.0016,-7.1571,22.9829
11.5740,-1.1381,0.0019,0.0016,-7.3188,22.6683
11.5741,-1.1380,0.0019,0.0016,-7.4565,22.3425
11.5742,-1.1378,0.0019,0.0016,-7.5901,22.0150
11.5743,-1.1377,0.0019,0.0016,-7.7040,21.6802
11.5744,-1.1376,0.0019,0.0016,-7.8057,21.3413
11.5745,-1.1375,0.0019,0.0016,-7.8945,20.9990
11.5746,-1.1375,0.0019,0.0016,-7.9624,20.6518
11.5746,-1.1374,0.0019,0.0016,-8.0236,20.3035
11.5747,-1.1373,0.0019,0.0016,-8.0585,19.9515
11.5748,-1.1372,0.0019,0.0016,-8.0886,19.5990
11.5749,-1.1371,0.0019,0.0016,-8.1004,19.2455
11.5750,-1.1370,0.0019,0.0016,-8.1037,18.8917
11.5751,-1.1369,0.0019,0.0016,-8.1072,18.5380
11.5752,-1.1368,0.0019,0.0016,-8.1103,18.1843
11.5753,-1.1367,0.0019,0.0016,-8.1126,17.8305
11.5753,-1.1366,0.0019,0.0016,-8.1150,17.4768
11.5755,-1.1365,0.0019,0.0016,-8.1172,17.1231
11.5755,-1.1365,0.0019,0.0016,-8.1188,16.7693
11.5756,-1.1364,0.0019,0.0016,-8.1202,16.4156
11.5757,-1.1363,0.0019,0.0016,-8.1216,16.0618
11.5758,-1.1362,0.0019,0.0016,-8.1225,15.7081
11.5759,-1.1361,0.0019,0.0016,-8.1232,15.3543
11.5760,-1.1360,0.0019,0.0016,-8.1239,15.0006
11.5761,-1.1359,0.0019,0.0016,-8.1243,14.6469
11.5761,-1.1358,0.0019,0.0016,-8.1244,14.2931
11.5762,-1.1358,0.0019,0.0016,-8.1245,13.9394
11.5763,-1.1357,0.0019,0.0016,-8.1245,13.5856
11.5764,-1.1356,0.0019,0.0016,-8.1242,13.2319
11.5765,-1.1355,0.0019,0.0016,-8.1239,12.8781
11.5766,-1.1354,0.0019,0.0016,-8.1235,12.5244
11.5767,-1.1353,0.0019,0.0016,-8.1230,12.1706
11.5768,-1.1352,0.0019,0.0016,-8.1224,11.8169
11.5768,-1.1351,0.0019,0.0016,-8.1218,11.4631
11.5769,-1.1350,0.0019,0.0016,-8.1212,11.1094
11.5770,-1.1349,0.0019,0.0016,-8.1205,10.7556
11.5771,-1.1348,0.0019,0.0016,-8.1198,10.4019
11.5772,-1.1347,0.0019,0.0016,-8.1192,10.0482
11.5773,-1.1346,0.0019,0.0016,-8.1186,9.6944
11.5774,-1.1345,0.0019,0.0016,-8.1180,9.3407
11.5775,-1.1344,0.0019,0.0016,-8.1174,8.9869
11.5776,-1.1344,0.0019,0.0016,-8.1170,8.6332
11.5776,-1.1343,0.0019,0.0016,-8.1167,8.2794
11.5777,-1.1342,0.0019,0.0016,-8.1164,7.9257
11.5778,-1.1341,0.0019,0.0016,-8.1162,7.5719
11.5779,-1.1340,0.0019,0.0016,-8.1163,7.2182
11.5780,-1.1339,0.0019,0.0016,-8.1165,6.8644
11.5781,-1.1338,0.0019,0.0016,-8.1166,6.5107
11.5782,-1.1337,0.0019,0.0016,-8.1173,6.1569
11.5783,-1.1336,0.0019,0.0016,-8.1181,5.8032
11.5784,-1.1335,0.0019,0.0016,-8.1191,5.4494
11.5785,-1.1334,0.0019,0.0016,-8.1138,5.0958
11.5786,-1.1333,0.0019,0.0016,-8.0996,4.7423
11.5787,-1.1332,0.0019,0.0016,-8.0705,4.3898
11.5787,-1.1331,0.0019,0.0016,nan,nan
11.5788,-1.1330,0.0019,0.0016,nan,nan
11.5789,-1.1329,0.0019,0.0016,nan,nan
11.5790,-1.1328,0.0019,0.0016,nan,nan
11.5791,-1.1327,0.0019,0.0016,nan,nan
11.5792,-1.1326,0.0019,0.0016,nan,nan
11.5793,-1.1325,0.0019,0.0016,nan,nan
11.5794,-1.1324,0.0019,0.0016,nan,nan
11.5795,-1.1323,0.0019,0.0016,nan,nan
11.5796,-1.1322,0.0019,0.0016,nan,nan
11.5797,-1.1321,0.0019,0.0016,nan,nan
11.5798,-1.1320,0.0019,0.0016,nan,nan
11.5798,-1.1319,0.0019,0.0016,nan,nan
11.5799,-1.1318,0.0019,0.0016,nan,nan
11.5800,-1.1317,0.0019,0.0016,nan,nan
11.5801,-1.1316,0.0019,0.0016,nan,nan
11.5802,-1.1315,0.0019,0.0016,nan,nan
11.5803,-1.1314,0.0019,0.0016,nan,nan
11.5804,-1.1313,0.0019,0.0016,nan,nan
11.5805,-1.1312,0.0019,0.0016,nan,nan
11.5806,-1.1311,0.0019,0.0016,nan,nan
11.5807,-1.1310,0.0019,0.0016,nan,nan
11.5808,-1.1309,0.0019,0.0016,nan,nan
11.5809,-1.1308,0.0019,0.0016,nan,nan
11.5809,-1.1307,0.0019,0.0016,nan,nan
11.5810,-1.1307,0.0019,0.0016,nan,nan
11.5811,-1.1305,0.0019,0.0016,nan,nan
11.5812,-1.1304,0.0019,0.0016,nan,nan
11.5813,-1.1303,0.0019,0.0016,nan,nan
11.5814,-1.1302,0.0019,0.0016,nan,nan
11.5815,-1.1301,0.0019,0.0016,nan,nan
11.5816,-1.1300,0.0019,0.0016,nan,nan
11.5817,-1.1299,0.0019,0.0016,nan,nan
11.5818,-1.1298,0.0019,0.0016,nan,nan
11.5819,-1.1297,0.0019,0.0016,nan,nan
11.5819,-1.1297,0.0019,0.0016,nan,nan
11.5820,-1.1296,0.0019,0.0016,nan,nan
11.5821,-1.1295,0.0019,0.0016,nan,nan
11.5822,-1.1293,0.0019,0.0016,nan,nan
11.5823,-1.1292,0.0019,0.0016,nan,nan
11.5824,-1.1291,0.0019,0.0016,nan,nan
11.5825,-1.1291,0.0019,0.0016,nan,nan
11.5826,-1.1289,0.0019,0.0016,nan,nan
11.5827,-1.1288,0.0019,0.0016,nan,nan
11.5828,-1.1287,0.0019,0.0016,nan,nan
11.5829,-1.1287,0.0019,0.0016,nan,nan
11.5829,-1.1286,0.0019,0.0016,nan,nan
11.5830,-1.1285,0.0019,0.0016,nan,nan
11.5831,-1.1284,0.0019,0.0016,nan,nan
11.5832,-1.1283,0.0019,0.0016,nan,nan
11.5833,-1.1282,0.0019,0.0016,nan,nan
11.5834,-1.1281,0.0019,0.0016,nan,nan
11.5835,-1.1280,0.0019,0.0016,nan,nan
11.5835,-1.1279,0.0019,0.0016,nan,nan
11.5836,-1.1278,0.0019,0.0016,nan,nan
11.5837,-1.1277,0.0019,0.0016,nan,nan
11.5838,-1.1276,0.0019,0.0016,nan,nan
11.5839,-1.1275,0.0019,0.0016,nan,nan
11.5840,-1.1274,0.0019,0.0016,nan,nan
11.5841,-1.1273,0.0019,0.0016,nan,nan
11.5842,-1.1272,0.0019,0.0016,nan,nan
11.5843,-1.1271,0.0019,0.0016,nan,nan
11.5843,-1.1270,0.0019,0.0016,nan,nan
11.5844,-1.1269,0.0019,0.0016,nan,nan
11.5845,-1.1268,0.0019,0.0016,nan,nan
11.5846,-1.1267,0.0019,0.0016,nan,nan
11.5847,-1.1266,0.0019,0.0016,nan,nan
11.5847,-1.1265,0.0019,0.0016,nan,nan
11.5848,-1.1265,0.0019,0.0016,nan,nan
11.5849,-1.1263,0.0019,0.0016,nan,nan
11.5850,-1.1263,0.0019,0.0016,nan,nan
11.5851,-1.1262,0.0019,0.0016,nan,nan
11.5852,-1.1261,0.0019,0.0016,nan,nan
11.5852,-1.1260,0.0019,0.0016,nan,nan
11.5853,-1.1259,0.0019,0.0016,nan,nan
11.5854,-1.1258,0.0019,0.0016,nan,nan
11.5855,-1.1257,0.0019,0.0016,nan,nan
11.5856,-1.1256,0.0019,0.0016,nan,nan
11.5856,-1.1255,0.0019,0.0016,nan,nan
11.5857,-1.1254,0.0019,0.0016,nan,nan
11.5858,-1.1253,0.0019,0.0016,nan,nan
11.5859,-1.1253,0.0019,0.0016,nan,nan
11.5860,-1.1252,0.0019,0.0016,nan,nan
11.5860,-1.1251,0.0019,0.0016,nan,nan
11.5861,-1.1250,0.0019,0.0016,nan,nan
11.5861,-1.1250,0.0019,0.0016,nan,nan
11.5862,-1.1249,0.0019,0.0016,nan,nan
11.5863,-1.1248,0.0019,0.0016,nan,nan
11.5864,-1.1247,0.0019,0.0016,nan,nan
11.5865,-1.1246,0.0019,0.0016,nan,nan
11.5865,-1.1245,0.0019,0.0016,nan,nan
11.5866,-1.1244,0.0019,0.0016,nan,nan
11.5867,-1.1243,0.0019,0.0016,nan,nan
11.5868,-1.1242,0.0019,0.0016,nan,nan
11.5869,-1.1241,0.0019,0.0016,nan,nan
11.5870,-1.1240,0.0019,0.0016,nan,nan
11.5871,-1.1239,0.0019,0.0016,nan,nan
11.5872,-1.1238,0.0019,0.0016,nan,nan
11.5873,-1.1237,0.0019,0.0016,nan,nan
11.5873,-1.1236,0.0019,0.0016,nan,nan
11.5874,-1.1235,0.0019,0.0016,nan,nan
11.5875,-1.1234,0.0019,0.0016,nan,nan
11.5876,-1.1233,0.0019,0.0016,nan,nan
11.5877,-1.1232,0.0019,0.0016,nan,nan
11.5877,-1.1231,0.0019,0.0016,nan,nan
11.5878,-1.1230,0.0019,0.0016,nan,nan
11.5879,-1.1229,0.0019,0.0016,nan,nan
11.5880,-1.1228,0.0019,0.0016,nan,nan
11.5881,-1.1227,0.0019,0.0016,nan,nan
11.5881,-1.1226,0.0019,0.0016,nan,nan
11.5882,-1.1226,0.0019,0.0016,nan,nan
11.5883,-1.1225,0.0019,0.0016,nan,nan
11.5884,-1.1224,0.0019,0.0016,nan,nan
11.5885,-1.1223,0.0019,0.0016,nan,nan
11.5885,-1.1222,0.0019,0.0016,nan,nan
11.5886,-1.1221,0.0019,0.0016,nan,nan
11.5887,-1.1220,0.0019,0.0016,nan,nan
11.5888,-1.1219,0.0019,0.0016,nan,nan
11.5889,-1.1218,0.0019,0.0016,nan,nan
11.5889,-1.1217,0.0019,0.0016,nan,nan
11.5890,-1.1216,0.0019,0.0016,nan,nan
11.5891,-1.1215,0.0019,0.0016,nan,nan
11.5892,-1.1214,0.0019,0.0016,nan,nan
11.5893,-1.1213,0.0019,0.0016,nan,nan
11.5894,-1.1212,0.0019,0.0016,nan,nan
11.5894,-1.1211,0.0019,0.0016,nan,nan
11.5895,-1.1210,0.0019,0.0016,nan,nan
11.5896,-1.1209,0.0019,0.0016,nan,nan
11.5897,-1.1208,0.0019,0.0016,nan,nan
11.5898,-1.1207,0.0019,0.0016,nan,nan
11.5899,-1.1206,0.0019,0.0016,nan,nan
11.5899,-1.1205,0.0019,0.0016,nan,nan
11.5900,-1.1204,0.0019,0.0016,nan,nan
11.5901,-1.1203,0.0019,0.0016,nan,nan
11.5902,-1.1202,0.0019,0.0016,nan,nan
11.5903,-1.1201,0.0019,0.0016,nan,nan
11.5904,-1.1200,0.0019,0.0016,nan,nan
11.5904,-1.1200,0.0019,0.0016,nan,nan
11.5905,-1.1198,0.0019,0.0016,nan,nan
11.5906,-1.1197,0.0019,0.0016,nan,nan
11.5907,-1.1196,0.0019,0.0016,nan,nan
11.5908,-1.1195,0.0019,0.0016,nan,nan
11.5908,-1.1195,0.0019,0.0016,nan,nan
11.5909,-1.1194,0.0019,0.0016,nan,nan
11.5910,-1.1193,0.0019,0.0016,nan,nan
11.5911,-1.1192,0.0019,0.0016,nan,nan
11.5912,-1.1191,0.0019,0.0016,nan,nan
11.5912,-1.1190,0.0019,0.0016,nan,nan
11.5913,-1.1189,0.0019,0.0016,nan,nan
11.5914,-1.1188,0.0019,0.0016,nan,nan
11.5915,-1.1187,0.0019,0.0016,nan,nan
11.5916,-1.1186,0.0019,0.0016,nan,nan
11.5917,-1.1185,0.0019,0.0016,nan,nan
11.5917,-1.1184,0.0019,0.0016,nan,nan
11.5918,-1.1183,0.0019,0.0016,nan,nan
11.5919,-1.1181,0.0019,0.0016,nan,nan
11.5920,-1.1180,0.0019,0.0016,nan,nan
11.5921,-1.1179,0.0019,0.0016,nan,nan
11.5922,-1.1178,0.0019,0.0016,nan,nan
11.5922,-1.1177,0.0019,0.0016,nan,nan
11.5923,-1.1177,0.0019,0.0016,nan,nan
11.5924,-1.1176,0.0019,0.0016,nan,nan
11.5925,-1.1175,0.0019,0.0016,nan,nan
11.5926,-1.1174,0.0019,0.0016,nan,nan
11.5926,-1.1173,0.0019,0.0016,nan,nan
11.5927,-1.1172,0.0019,0.0016,nan,nan
11.5928,-1.1171,0.0019,0.0016,nan,nan
11.5929,-1.1170,0.0019,0.0016,nan,nan
11.5929,-1.1169,0.0019,0.0016,nan,nan
11.5930,-1.1168,0.0019,0.0016,nan,nan
11.5931,-1.1167,0.0019,0.0016,nan,nan
11.5932,-1.1166,0.0019,0.0016,nan,nan
11.5933,-1.1165,0.0019,0.0016,nan,nan
11.5933,-1.1164,0.0019,0.0016,nan,nan
11.5935,-1.1162,0.0019,0.0016,nan,nan
11.5936,-1.1161,0.0019,0.0016,nan,nan
11.5936,-1.1160,0.0019,0.0016,nan,nan
11.5937,-1.1159,0.0019,0.0016,nan,nan
11.5938,-1.1158,0.0019,0.0016,nan,nan
11.5939,-1.1157,0.0019,0.0016,nan,nan
11.5940,-1.1156,0.0019,0.0016,nan,nan
11.5940,-1.1156,0.0019,0.0016,nan,nan
11.5941,-1.1155,0.0019,0.0016,nan,nan
11.5941,-1.1154,0.0019,0.0016,nan,nan
11.5942,-1.1154,0.0019,0.0016,nan,nan
11.5943,-1.1153,0.0019,0.0016,nan,nan
11.5943,-1.1152,0.0019,0.0016,nan,nan
11.5944,-1.1151,0.0019,0.0016,nan,nan
11.5945,-1.1150,0.0019,0.0016,nan,nan
11.5945,-1.1149,0.0019,0.0016,nan,nan
11.5946,-1.1148,0.0019,0.0016,nan,nan
11.5947,-1.1147,0.0019,0.0016,nan,nan
11.5948,-1.1146,0.0019,0.0016,nan,nan
11.5948,-1.1146,0.0019,0.0016,nan,nan
11.5949,-1.1145,0.0019,0.0016,nan,nan
11.5950,-1.1144,0.0019,0.0016,nan,nan
11.5950,-1.1143,0.0019,0.0016,nan,nan
11.5951,-1.1142,0.0019,0.0016,nan,nan
11.5952,-1.1141,0.0019,0.0016,nan,nan
11.5953,-1.1140,0.0019,0.0016,nan,nan
11.5954,-1.1139,0.0019,0.0016,nan,nan
11.5954,-1.1138,0.0019,0.0016,nan,nan
11.5955,-1.1137,0.0019,0.0016,nan,nan
11.5956,-1.1136,0.0019,0.0016,nan,nan
11.5957,-1.1135,0.0019,0.0016,nan,nan
11.5957,-1.1134,0.0019,0.0016,nan,nan
11.5958,-1.1133,0.0019,0.0016,nan,nan
11.5959,-1.1132,0.0019,0.0016,nan,nan
11.5960,-1.1131,0.0019,0.0016,nan,nan
11.5960,-1.1131,0.0019,0.0016,nan,nan
11.5961,-1.1129,0.0019,0.0016,nan,nan
11.5962,-1.1128,0.0019,0.0016,nan,nan
11.5963,-1.1127,0.0019,0.0016,nan,nan
11.5963,-1.1127,0.0019,0.0016,nan,nan
11.5964,-1.1126,0.0019,0.0016,nan,nan
11.5965,-1.1125,0.0019,0.0016,nan,nan
11.5965,-1.1124,0.0019,0.0016,nan,nan
11.5966,-1.1123,0.0019,0.0016,nan,nan
11.5967,-1.1122,0.0019,0.0016,nan,nan
11.5968,-1.1121,0.0019,0.0016,nan,nan
11.5969,-1.1120,0.0019,0.0016,nan,nan
11.5969,-1.1119,0.0019,0.0016,nan,nan
11.5970,-1.1118,0.0019,0.0016,nan,nan
11.5971,-1.1117,0.0019,0.0016,nan,nan
11.5972,-1.1116,0.0019,0.0016,nan,nan
11.5972,-1.1115,0.0019,0.0016,nan,nan
11.5973,-1.1114,0.0019,0.0016,nan,nan
11.5974,-1.1113,0.0019,0.0016,nan,nan
11.5975,-1.1112,0.0019,0.0016,nan,nan
11.5976,-1.1111,0.0019,0.0016,nan,nan
11.5976,-1.1110,0.0019,0.0016,nan,nan
11.5977,-1.1108,0.0019,0.0016,nan,nan
11.5978,-1.1108,0.0019,0.0016,nan,nan
11.5979,-1.1107,0.0019,0.0016,nan,nan
11.5980,-1.1105,0.0019,0.0016,nan,nan
11.5981,-1.1104,0.0019,0.0016,nan,nan
11.5981,-1.1103,0.0019,0.0016,nan,nan
11.5982,-1.1102,0.0019,0.0016,nan,nan
11.5983,-1.1101,0.0019,0.0016,nan,nan
11.5984,-1.1101,0.0019,0.0016,nan,nan
11.5984,-1.1100,0.0019,0.0016,nan,nan
11.5985,-1.1099,0.0019,0.0016,nan,nan
11.5986,-1.1098,0.0019,0.0016,nan,nan
11.5986,-1.1097,0.0019,0.0016,nan,nan
11.5987,-1.1096,0.0019,0.0016,nan,nan
11.5988,-1.1094,0.0019,0.0016,nan,nan
11.5989,-1.1094,0.0019,0.0016,nan,nan
11.5990,-1.1093,0.0019,0.0016,nan,nan
11.5990,-1.1092,0.0019,0.0016,nan,nan
11.5991,-1.1091,0.0019,0.0016,nan,nan
11.5992,-1.1089,0.0019,0.0016,nan,nan
11.5993,-1.1088,0.0019,0.0016,nan,nan
11.5994,-1.1087,0.0019,0.0016,nan,nan
11.5995,-1.1086,0.0019,0.0016,nan,nan
11.5995,-1.1085,0.0019,0.0016,nan,nan
11.5996,-1.1084,0.0019,0.0016,nan,nan
11.5997,-1.1083,0.0019,0.0016,nan,nan
11.5998,-1.1082,0.0019,0.0016,nan,nan
11.5998,-1.1081,0.0019,0.0016,nan,nan
11.5999,-1.1080,0.0019,0.0016,nan,nan
11.6000,-1.1079,0.0019,0.0016,nan,nan
11.6001,-1.1078,0.0019,0.0016,nan,nan
11.6001,-1.1077,0.0019,0.0016,nan,nan
11.6002,-1.1076,0.0019,0.0016,nan,nan
11.6003,-1.1075,0.0019,0.0016,nan,nan
11.6004,-1.1074,0.0019,0.0016,nan,nan
11.6004,-1.1073,0.0019,0.0016,nan,nan
11.6005,-1.1072,0.0019,0.0016,nan,nan
11.6006,-1.1071,0.0019,0.0016,nan,nan
11.6006,-1.1070,0.0019,0.0016,nan,nan
11.6007,-1.1069,0.0019,0.0016,nan,nan
11.6008,-1.1068,0.0019,0.0016,nan,nan
11.6009,-1.1067,0.0019,0.0016,nan,nan
11.6009,-1.1066,0.0019,0.0016,nan,nan
11.6010,-1.1065,0.0019,0.0016,nan,nan
11.6011,-1.1064,0.0019,0.0016,nan,nan
11.6012,-1.1063,0.0019,0.0016,nan,nan
11.6012,-1.1062,0.0019,0.0016,nan,nan
11.6013,-1.1061,0.0019,0.0016,nan,nan
11.6014,-1.1060,0.0019,0.0016,nan,nan
11.6015,-1.1059,0.0019,0.0016,nan,nan
11.6015,-1.1058,0.0019,0.0016,nan,nan
11.6016,-1.1057,0.0019,0.0016,nan,nan
11.6017,-1.1056,0.0019,0.0016,nan,nan
11.6017,-1.1055,0.0019,0.0016,nan,nan
11.6018,-1.1054,0.0019,0.0016,nan,nan
11.6019,-1.1053,0.0019,0.0016,nan,nan
11.6020,-1.1052,0.0019,0.0016,nan,nan
11.6020,-1.1051,0.0019,0.0016,nan,nan
11.6021,-1.1051,0.0019,0.0016,nan,nan
11.6022,-1.1050,0.0019,0.0016,nan,nan
11.6023,-1.1049,0.0019,0.0016,nan,nan
11.6023,-1.1048,0.0019,0.0016,nan,nan
11.6024,-1.1047,0.0019,0.0016,nan,nan
11.6025,-1.1046,0.0019,0.0016,nan,nan
11.6025,-1.1045,0.0019,0.0016,nan,nan
11.6026,-1.1044,0.0019,0.0016,nan,nan
11.6026,-1.1043,0.0019,0.0016,nan,nan
11.6027,-1.1043,0.0019,0.0016,nan,nan
11.6028,-1.1042,0.0019,0.0016,nan,nan
11.6028,-1.1041,0.0019,0.0016,nan,nan
11.6029,-1.1040,0.0019,0.0016,nan,nan
11.6030,-1.1039,0.0019,0.0016,nan,nan
11.6030,-1.1038,0.0019,0.0016,nan,nan
11.6031,-1.1037,0.0019,0.0016,nan,nan
11.6032,-1.1036,0.0019,0.0016,nan,nan
11.6033,-1.1035,0.0019,0.0016,nan,nan
11.6033,-1.1034,0.0019,0.0016,nan,nan
11.6034,-1.1033,0.0019,0.0016,nan,nan
11.6035,-1.1032,0.0019,0.0016,nan,nan
11.6036,-1.1031,0.0019,0.0016,nan,nan
11.6036,-1.1030,0.0019,0.0016,nan,nan
11.6037,-1.1029,0.0019,0.0016,nan,nan
11.6038,-1.1028,0.0019,0.0016,nan,nan
11.6038,-1.1027,0.0019,0.0016,nan,nan
11.6039,-1.1026,0.0019,0.0016,nan,nan
11.6040,-1.1025,0.0019,0.0016,nan,nan
11.6041,-1.1024,0.0019,0.0016,nan,nan
11.6041,-1.1023,0.0019,0.0016,nan,nan
11.6042,-1.1022,0.0019,0.0016,nan,nan
11.6043,-1.1021,0.0019,0.0016,nan,nan
11.6043,-1.1020,0.0019,0.0016,nan,nan
11.6044,-1.1019,0.0019,0.0016,nan,nan
11.6045,-1.1018,0.0019,0.0016,nan,nan
11.6046,-1.1017,0.0019,0.0016,nan,nan
11.6046,-1.1016,0.0019,0.0016,nan,nan
11.6047,-1.1015,0.0019,0.0016,nan,nan
11.6048,-1.1014,0.0019,0.0016,nan,nan
11.6049,-1.1012,0.0019,0.0016,nan,nan
11.6049,-1.1012,0.0019,0.0016,nan,nan
11.6050,-1.1010,0.0019,0.0016,nan,nan
11.6051,-1.1009,0.0019,0.0016,nan,nan
11.6051,-1.1008,0.0019,0.0016,nan,nan
11.6052,-1.1007,0.0019,0.0016,nan,nan
11.6053,-1.1006,0.0019,0.0016,nan,nan
11.6054,-1.1005,0.0019,0.0016,nan,nan
11.6055,-1.1004,0.0019,0.0016,nan,nan
11.6055,-1.1003,0.0019,0.0016,nan,nan
11.6056,-1.1002,0.0019,0.0016,nan,nan
11.6057,-1.1001,0.0019,0.0016,nan,nan
11.6057,-1.1000,0.0019,0.0016,nan,nan
11.6058,-1.0999,0.0019,0.0016,nan,nan
11.6059,-1.0998,0.0019,0.0016,nan,nan
11.6059,-1.0998,0.0019,0.0016,nan,nan
11.6060,-1.0997,0.0019,0.0016,nan,nan
11.6061,-1.0996,0.0019,0.0016,nan,nan
11.6061,-1.0995,0.0019,0.0016,nan,nan
11.6062,-1.0994,0.0019,0.0016,nan,nan
11.6063,-1.0992,0.0019,0.0016,nan,nan
11.6063,-1.0992,0.0019,0.0016,nan,nan
11.6064,-1.0991,0.0019,0.0016,nan,nan
11.6065,-1.0990,0.0019,0.0016,nan,nan
11.6065,-1.0989,0.0019,0.0016,nan,nan
11.6066,-1.0988,0.0019,0.0016,nan,nan
11.6067,-1.0987,0.0019,0.0016,nan,nan
11.6067,-1.0986,0.0019,0.0016,nan,nan
11.6068,-1.0985,0.0019,0.0016,nan,nan
11.6069,-1.0984,0.0019,0.0016,nan,nan
11.6069,-1.0983,0.0019,0.0016,nan,nan
11.6070,-1.0982,0.0019,0.0016,nan,nan
11.6071,-1.0981,0.0019,0.0016,nan,nan
11.6072,-1.0980,0.0019,0.0016,nan,nan
11.6072,-1.0979,0.0019,0.0016,nan,nan
11.6073,-1.0978,0.0019,0.0016,nan,nan
11.6074,-1.0977,0.0019,0.0016,nan,nan
11.6074,-1.0976,0.0019,0.0016,nan,nan
11.6075,-1.0975,0.0019,0.0016,nan,nan
11.6076,-1.0974,0.0019,0.0016,nan,nan
11.6076,-1.0973,0.0019,0.0016,nan,nan
11.6077,-1.0972,0.0019,0.0016,nan,nan
11.6078,-1.0971,0.0019,0.0016,nan,nan
11.6079,-1.0969,0.0019,0.0016,nan,nan
11.6079,-1.0968,0.0019,0.0016,nan,nan
11.6080,-1.0967,0.0019,0.0016,nan,nan
11.6081,-1.0966,0.0019,0.0016,nan,nan
11.6082,-1.0965,0.0019,0.0016,nan,nan
11.6082,-1.0964,0.0019,0.0016,nan,nan
11.6083,-1.0963,0.0019,0.0016,nan,nan
11.6084,-1.0962,0.0019,0.0016,nan,nan
11.6085,-1.0961,0.0019,0.0016,nan,nan
11.6085,-1.0960,0.0019,0.0016,nan,nan
11.6086,-1.0959,0.0019,0.0016,nan,nan
11.6086,-1.0958,0.0019,0.0016,nan,nan
11.6087,-1.0957,0.0019,0.0016,nan,nan
11.6088,-1.0956,0.0019,0.0016,nan,nan
11.6089,-1.0955,0.0019,0.0016,nan,nan
11.6089,-1.0954,0.0019,0.0016,nan,nan
11.6090,-1.0953,0.0019,0.0016,nan,nan
11.6091,-1.0952,0.0019,0.0016,nan,nan
11.6092,-1.0950,0.0019,0.0016,nan,nan
11.6092,-1.0949,0.0019,0.0016,nan,nan
11.6093,-1.0948,0.0019,0.0016,nan,nan
11.6094,-1.0947,0.0019,0.0016,nan,nan
11.6094,-1.0946,0.0019,0.0016,nan,nan
11.6095,-1.0945,0.0019,0.0016,nan,nan
11.6096,-1.0944,0.0019,0.0016,nan,nan
11.6096,-1.0943,0.0019,0.0016,nan,nan
11.6097,-1.0942,0.0019,0.0016,nan,nan
11.6098,-1.0941,0.0019,0.0016,nan,nan
11.6098,-1.0940,0.0019,0.0016,nan,nan
11.6099,-1.0939,0.0019,0.0016,nan,nan
11.6100,-1.0938,0.0019,0.0016,nan,nan
11.6101,-1.0937,0.0019,0.0016,nan,nan
11.6101,-1.0936,0.0019,0.0016,nan,nan
11.6102,-1.0935,0.0019,0.0016,nan,nan
11.6103,-1.0934,0.0019,0.0016,nan,nan
11.6103,-1.0932,0.0019,0.0016,nan,nan
11.6104,-1.0931,0.0019,0.0016,nan,nan
11.6105,-1.0930,0.0019,0.0016,nan,nan
11.6105,-1.0930,0.0019,0.0016,nan,nan
11.6106,-1.0928,0.0019,0.0016,nan,nan
11.6107,-1.0927,0.0019,0.0016,nan,nan
11.6107,-1.0926,0.0019,0.0016,nan,nan
11.6108,-1.0926,0.0019,0.0016,nan,nan
11.6109,-1.0924,0.0019,0.0016,nan,nan
11.6110,-1.0923,0.0019,0.0016,nan,nan
11.6110,-1.0922,0.0019,0.0016,nan,nan
11.6111,-1.0921,0.0019,0.0016,nan,nan
11.6112,-1.0920,0.0019,0.0016,nan,nan
11.6112,-1.0919,0.0019,0.0016,nan,nan
11.6113,-1.0918,0.0019,0.0016,nan,nan
11.6114,-1.0917,0.0019,0.0016,nan,nan
11.6114,-1.0916,0.0019,0.0016,nan,nan
11.6115,-1.0915,0.0019,0.0016,nan,nan
11.6116,-1.0914,0.0019,0.0016,nan,nan
11.6116,-1.0913,0.0019,0.0016,nan,nan
11.6117,-1.0912,0.0019,0.0016,nan,nan
11.6118,-1.0911,0.0019,0.0016,nan,nan
11.6119,-1.0909,0.0019,0.0016,nan,nan
11.6119,-1.0908,0.0019,0.0016,nan,nan
11.6120,-1.0907,0.0019,0.0016,nan,nan
11.6121,-1.0906,0.0019,0.0016,nan,nan
11.6121,-1.0905,0.0019,0.0016,nan,nan
11.6122,-1.0904,0.0019,0.0016,nan,nan
11.6123,-1.0903,0.0019,0.0016,nan,nan
11.6124,-1.0901,0.0019,0.0016,nan,nan
11.6124,-1.0900,0.0019,0.0016,nan,nan
11.6125,-1.0900,0.0019,0.0016,nan,nan
11.6126,-1.0898,0.0019,0.0016,nan,nan
11.6126,-1.0897,0.0019,0.0016,nan,nan
11.6127,-1.0896,0.0019,0.0016,nan,nan
11.6128,-1.0895,0.0019,0.0016,nan,nan
11.6128,-1.0894,0.0019,0.0016,nan,nan
11.6129,-1.0893,0.0019,0.0016,nan,nan
11.6130,-1.0892,0.0019,0.0016,nan,nan
11.6130,-1.0891,0.0019,0.0016,nan,nan
11.6131,-1.0890,0.0019,0.0016,nan,nan
11.6132,-1.0889,0.0019,0.0016,nan,nan
11.6132,-1.0888,0.0019,0.0016,nan,nan
11.6133,-1.0887,0.0019,0.0016,nan,nan
11.6134,-1.0886,0.0019,0.0016,nan,nan
11.6134,-1.0885,0.0019,0.0016,nan,nan
11.6135,-1.0884,0.0019,0.0016,nan,nan
11.6136,-1.0883,0.0019,0.0016,nan,nan
11.6136,-1.0882,0.0019,0.0016,nan,nan
11.6137,-1.0881,0.0019,0.0016,nan,nan
11.6138,-1.0880,0.0019,0.0016,nan,nan
11.6138,-1.0879,0.0019,0.0016,nan,nan
11.6139,-1.0878,0.0019,0.0016,nan,nan
11.6140,-1.0876,0.0019,0.0016,nan,nan
11.6140,-1.0875,0.0019,0.0016,nan,nan
11.6141,-1.0875,0.0019,0.0016,nan,nan
11.6142,-1.0873,0.0019,0.0016,nan,nan
11.6142,-1.0872,0.0019,0.0016,nan,nan
11.6143,-1.0871,0.0019,0.0016,nan,nan
11.6144,-1.0870,0.0019,0.0016,nan,nan
11.6144,-1.0869,0.0019,0.0016,nan,nan
11.6145,-1.0868,0.0019,0.0016,nan,nan
11.6145,-1.0867,0.0019,0.0016,nan,nan
11.6146,-1.0866,0.0019,0.0016,nan,nan
11.6147,-1.0865,0.0019,0.0016,nan,nan
11.6147,-1.0864,0.0019,0.0016,nan,nan
11.6148,-1.0863,0.0019,0.0016,nan,nan
11.6149,-1.0862,0.0019,0.0016,nan,nan
11.6149,-1.0861,0.0019,0.0016,nan,nan
11.6150,-1.0860,0.0019,0.0016,nan,nan
11.6151,-1.0859,0.0019,0.0016,nan,nan
11.6151,-1.0858,0.0019,0.0016,nan,nan
11.6152,-1.0857,0.0019,0.0016,nan,nan
11.6153,-1.0856,0.0019,0.0016,nan,nan
11.6153,-1.0854,0.0019,0.0016,nan,nan
11.6154,-1.0853,0.0019,0.0016,nan,nan
11.6155,-1.0852,0.0019,0.0016,nan,nan
11.6155,-1.0851,0.0019,0.0016,nan,nan
11.6156,-1.0850,0.0019,0.0016,nan,nan
11.6157,-1.0849,0.0019,0.0016,nan,nan
11.6157,-1.0848,0.0019,0.0016,nan,nan
11.6158,-1.0847,0.0019,0.0016,nan,nan
11.6159,-1.0846,0.0019,0.0016,nan,nan
11.6159,-1.0845,0.0019,0.0016,nan,nan
11.6160,-1.0844,0.0019,0.0016,nan,nan
11.6161,-1.0843,0.0019,0.0016,nan,nan
11.6161,-1.0842,0.0019,0.0016,nan,nan
11.6162,-1.0841,0.0019,0.0016,nan,nan
11.6163,-1.0839,0.0019,0.0016,nan,nan
11.6163,-1.0838,0.0019,0.0016,nan,nan
11.6164,-1.0837,0.0019,0.0016,nan,nan
11.6164,-1.0836,0.0019,0.0016,nan,nan
11.6165,-1.0835,0.0019,0.0016,nan,nan
11.6166,-1.0834,0.0019,0.0016,nan,nan
11.6166,-1.0833,0.0019,0.0016,nan,nan
11.6167,-1.0832,0.0019,0.0016,nan,nan
11.6168,-1.0831,0.0019,0.0016,nan,nan
11.6168,-1.0830,0.0019,0.0016,nan,nan
11.6169,-1.0829,0.0019,0.0016,nan,nan
11.6170,-1.0828,0.0019,0.0016,nan,nan
11.6170,-1.0827,0.0019,0.0016,nan,nan
11.6171,-1.0826,0.0019,0.0016,nan,nan
11.6171,-1.0825,0.0019,0.0016,nan,nan
11.6172,-1.0824,0.0019,0.0016,nan,nan
11.6173,-1.0823,0.0019,0.0016,nan,nan
11.6173,-1.0822,0.0019,0.0016,nan,nan
11.6174,-1.0821,0.0019,0.0016,nan,nan
11.6175,-1.0820,0.0019,0.0016,nan,nan
11.6175,-1.0818,0.0019,0.0016,nan,nan
11.6176,-1.0817,0.0019,0.0016,nan,nan
11.6176,-1.0816,0.0019,0.0016,nan,nan
11.6177,-1.0815,0.0019,0.0016,nan,nan
11.6178,-1.0814,0.0019,0.0016,nan,nan
11.6178,-1.0813,0.0019,0.0016,nan,nan
11.6179,-1.0812,0.0019,0.0016,nan,nan
11.6180,-1.0811,0.0019,0.0016,nan,nan
11.6180,-1.0810,0.0019,0.0016,nan,nan
11.6181,-1.0809,0.0019,0.0016,nan,nan
11.6182,-1.0808,0.0019,0.0016,nan,nan
11.6182,-1.0807,0.0019,0.0016,nan,nan
11.6183,-1.0806,0.0019,0.0016,nan,nan
11.6183,-1.0805,0.0019,0.0016,nan,nan
11.6184,-1.0804,0.0019,0.0016,nan,nan
11.6184,-1.0803,0.0019,0.0016,nan,nan
11.6185,-1.0802,0.0019,0.0016,nan,nan
11.6186,-1.0801,0.0019,0.0016,nan,nan
11.6186,-1.0800,0.0019,0.0016,nan,nan
11.6187,-1.0799,0.0019,0.0016,nan,nan
11.6188,-1.0798,0.0019,0.0016,nan,nan
11.6188,-1.0796,0.0019,0.0016,nan,nan
11.6189,-1.0795,0.0019,0.0016,nan,nan
11.6190,-1.0794,0.0019,0.0016,nan,nan
11.6190,-1.0793,0.0019,0.0016,nan,nan
11.6191,-1.0792,0.0019,0.0016,nan,nan
11.6191,-1.0791,0.0019,0.0016,nan,nan
11.6192,-1.0790,0.0019,0.0016,nan,nan
11.6193,-1.0789,0.0019,0.0016,nan,nan
11.6193,-1.0788,0.0019,0.0016,nan,nan
11.6194,-1.0787,0.0019,0.0016,nan,nan
11.6194,-1.0786,0.0019,0.0016,nan,nan
11.6195,-1.0785,0.0019,0.0016,nan,nan
11.6196,-1.0784,0.0019,0.0016,nan,nan
11.6196,-1.0783,0.0019,0.0016,nan,nan
11.6197,-1.0782,0.0019,0.0016,nan,nan
11.6197,-1.0781,0.0019,0.0016,nan,nan
11.6198,-1.0779,0.0019,0.0016,nan,nan
11.6199,-1.0778,0.0019,0.0016,nan,nan
11.6199,-1.0777,0.0019,0.0016,nan,nan
11.6200,-1.0776,0.0019,0.0016,nan,nan
11.6201,-1.0775,0.0019,0.0016,nan,nan
11.6201,-1.0774,0.0019,0.0016,nan,nan
11.6202,-1.0773,0.0019,0.0016,nan,nan
11.6202,-1.0772,0.0019,0.0016,nan,nan
11.6203,-1.0771,0.0019,0.0016,nan,nan
11.6204,-1.0770,0.0019,0.0016,nan,nan
11.6204,-1.0769,0.0019,0.0016,nan,nan
11.6205,-1.0768,0.0019,0.0016,nan,nan
11.6205,-1.0767,0.0019,0.0016,nan,nan
11.6206,-1.0766,0.0019,0.0016,nan,nan
11.6207,-1.0765,0.0019,0.0016,nan,nan
11.6207,-1.0764,0.0019,0.0016,nan,nan
11.6208,-1.0763,0.0019,0.0016,nan,nan
11.6208,-1.0761,0.0019,0.0016,nan,nan
11.6209,-1.0760,0.0019,0.0016,nan,nan
11.6209,-1.0760,0.0019,0.0016,nan,nan
11.6210,-1.0758,0.0019,0.0016,nan,nan
11.6211,-1.0757,0.0019,0.0016,nan,nan
11.6212,-1.0756,0.0019,0.0016,nan,nan
11.6212,-1.0755,0.0019,0.0016,nan,nan
11.6213,-1.0754,0.0019,0.0016,nan,nan
11.6213,-1.0752,0.0018,0.0016,nan,nan
11.6214,-1.0751,0.0019,0.0016,nan,nan
11.6215,-1.0750,0.0019,0.0016,nan,nan
11.6215,-1.0749,0.0018,0.0016,nan,nan
11.6216,-1.0748,0.0019,0.0016,nan,nan
11.6217,-1.0747,0.0018,0.0016,nan,nan
11.6217,-1.0746,0.0019,0.0016,nan,nan
11.6218,-1.0745,0.0018,0.0016,nan,nan
11.6218,-1.0744,0.0018,0.0016,nan,nan
11.6219,-1.0743,0.0019,0.0016,nan,nan
11.6220,-1.0742,0.0019,0.0016,nan,nan
11.6220,-1.0740,0.0019,0.0016,nan,nan
11.6221,-1.0739,0.0019,0.0016,nan,nan
11.6221,-1.0738,0.0019,0.0016,nan,nan
11.6222,-1.0737,0.0019,0.0016,nan,nan
11.6223,-1.0736,0.0019,0.0016,nan,nan
11.6223,-1.0735,0.0019,0.0016,nan,nan
11.6224,-1.0734,0.0019,0.0016,nan,nan
11.6224,-1.0733,0.0019,0.0016,nan,nan
11.6225,-1.0732,0.0019,0.0016,nan,nan
11.6226,-1.0730,0.0019,0.0016,nan,nan
11.6226,-1.0729,0.0019,0.0016,nan,nan
11.6227,-1.0728,0.0018,0.0016,nan,nan
11.6228,-1.0727,0.0018,0.0016,nan,nan
11.6228,-1.0726,0.0019,0.0016,nan,nan
11.6229,-1.0725,0.0018,0.0016,nan,nan
11.6230,-1.0723,0.0019,0.0016,nan,nan
11.6230,-1.0722,0.0018,0.0016,nan,nan
11.6231,-1.0721,0.0018,0.0016,nan,nan
11.6231,-1.0720,0.0019,0.0016,nan,nan
11.6232,-1.0719,0.0019,0.0016,nan,nan
11.6232,-1.0718,0.0019,0.0016,nan,nan
11.6233,-1.0717,0.0018,0.0016,nan,nan
11.6234,-1.0716,0.0018,0.0016,nan,nan
11.6234,-1.0715,0.0018,0.0016,nan,nan
11.6235,-1.0714,0.0019,0.0016,nan,nan
11.6235,-1.0713,0.0019,0.0016,nan,nan
11.6236,-1.0712,0.0018,0.0016,nan,nan
11.6236,-1.0711,0.0019,0.0016,nan,nan
11.6237,-1.0710,0.0018,0.0016,nan,nan
11.6238,-1.0709,0.0018,0.0016,nan,nan
11.6238,-1.0707,0.0019,0.0016,nan,nan
11.6239,-1.0706,0.0018,0.0016,nan,nan
11.6239,-1.0705,0.0018,0.0016,nan,nan
11.6240,-1.0705,0.0019,0.0016,nan,nan
11.6240,-1.0704,0.0018,0.0016,nan,nan
11.6241,-1.0703,0.0018,0.0016,nan,nan
11.6241,-1.0702,0.0019,0.0016,nan,nan
11.6242,-1.0701,0.0019,0.0016,nan,nan
11.6242,-1.0700,0.0018,0.0016,nan,nan
11.6243,-1.0699,0.0018,0.0016,nan,nan
11.6243,-1.0699,0.0018,0.0016,nan,nan
11.6243,-1.0698,0.0019,0.0016,nan,nan
11.6244,-1.0697,0.0019,0.0016,nan,nan
11.6245,-1.0696,0.0018,0.0016,nan,nan
11.6245,-1.0695,0.0018,0.0016,nan,nan
11.6246,-1.0694,0.0018,0.0016,nan,nan
11.6246,-1.0692,0.0018,0.0016,nan,nan
11.6247,-1.0691,0.0018,0.0016,nan,nan
11.6247,-1.0690,0.0018,0.0016,nan,nan
11.6248,-1.0689,0.0018,0.0016,nan,nan
11.6249,-1.0688,0.0019,0.0016,nan,nan
11.6249,-1.0687,0.0018,0.0016,nan,nan
11.6250,-1.0686,0.0018,0.0016,nan,nan
11.6250,-1.0685,0.0018,0.0016,nan,nan
11.6251,-1.0684,0.0018,0.0016,nan,nan
11.6251,-1.0683,0.0018,0.0016,nan,nan
11.6252,-1.0682,0.0018,0.0016,nan,nan
11.6252,-1.0681,0.0019,0.0016,nan,nan
11.6253,-1.0680,0.0018,0.0016,nan,nan
11.6254,-1.0679,0.0019,0.0016,nan,nan
11.6254,-1.0677,0.0019,0.0016,nan,nan
11.6255,-1.0676,0.0018,0.0016,nan,nan
11.6255,-1.0675,0.0018,0.0016,nan,nan
11.6256,-1.0674,0.0018,0.0016,nan,nan
11.6256,-1.0673,0.0018,0.0016,nan,nan
11.6257,-1.0672,0.0018,0.0016,nan,nan
11.6258,-1.0671,0.0018,0.0016,nan,nan
11.6258,-1.0670,0.0018,0.0016,nan,nan
11.6259,-1.0669,0.0018,0.0016,nan,nan
11.6259,-1.0668,0.0018,0.0016,nan,nan
11.6260,-1.0667,0.0019,0.0016,nan,nan
11.6260,-1.0666,0.0018,0.0016,nan,nan
11.6261,-1.0665,0.0018,0.0016,nan,nan
11.6261,-1.0663,0.0018,0.0016,nan,nan
11.6262,-1.0662,0.0018,0.0016,nan,nan
11.6263,-1.0661,0.0018,0.0016,nan,nan
11.6263,-1.0660,0.0018,0.0016,nan,nan
11.6264,-1.0659,0.0018,0.0016,nan,nan
11.6264,-1.0658,0.0018,0.0016,nan,nan
11.6265,-1.0657,0.0018,0.0016,nan,nan
11.6265,-1.0656,0.0018,0.0016,nan,nan
11.6266,-1.0655,0.0018,0.0016,nan,nan
11.6266,-1.0654,0.0018,0.0016,nan,nan
11.6267,-1.0653,0.0018,0.0016,nan,nan
11.6268,-1.0652,0.0018,0.0016,nan,nan
11.6268,-1.0651,0.0018,0.0016,nan,nan
11.6269,-1.0649,0.0018,0.0016,nan,nan
11.6269,-1.0648,0.0018,0.0016,nan,nan
11.6270,-1.0647,0.0018,0.0016,nan,nan
11.6270,-1.0646,0.0018,0.0016,nan,nan
11.6271,-1.0645,0.0018,0.0016,nan,nan
11.6271,-1.0644,0.0018,0.0016,nan,nan
11.6272,-1.0643,0.0018,0.0016,nan,nan
11.6273,-1.0642,0.0018,0.0016,nan,nan
11.6273,-1.0641,0.0018,0.0016,nan,nan
11.6274,-1.0640,0.0018,0.0016,nan,nan
11.6274,-1.0639,0.0018,0.0016,nan,nan
11.6275,-1.0637,0.0018,0.0016,nan,nan
11.6275,-1.0636,0.0018,0.0016,nan,nan
11.6276,-1.0635,0.0018,0.0016,nan,nan
11.6277,-1.0634,0.0018,0.0016,nan,nan
11.6277,-1.0633,0.0018,0.0016,nan,nan
11.6278,-1.0632,0.0018,0.0016,nan,nan
11.6278,-1.0631,0.0018,0.0016,nan,nan
11.6279,-1.0629,0.0018,0.0016,nan,nan
11.6280,-1.0628,0.0018,0.0016,nan,nan
11.6280,-1.0627,0.0018,0.0016,nan,nan
11.6281,-1.0626,0.0018,0.0016,nan,nan
11.6281,-1.0625,0.0018,0.0016,nan,nan
11.6282,-1.0624,0.0018,0.0016,nan,nan
11.6282,-1.0622,0.0018,0.0016,nan,nan
11.6283,-1.0621,0.0018,0.0016,nan,nan
11.6283,-1.0620,0.0018,0.0016,nan,nan
11.6284,-1.0619,0.0018,0.0016,nan,nan
11.6284,-1.0618,0.0018,0.0016,nan,nan
11.6285,-1.0617,0.0018,0.0016,nan,nan
11.6285,-1.0616,0.0018,0.0016,nan,nan
11.6286,-1.0615,0.0018,0.0016,nan,nan
11.6287,-1.0614,0.0018,0.0016,nan,nan
11.6287,-1.0613,0.0018,0.0016,nan,nan
11.6288,-1.0612,0.0018,0.0016,nan,nan
11.6288,-1.0610,0.0018,0.0016,nan,nan
11.6289,-1.0609,0.0018,0.0016,nan,nan
11.6289,-1.0608,0.0018,0.0016,nan,nan
11.6290,-1.0607,0.0018,0.0016,nan,nan
11.6290,-1.0606,0.0018,0.0016,nan,nan
11.6291,-1.0605,0.0018,0.0016,nan,nan
11.6291,-1.0604,0.0018,0.0016,nan,nan
11.6292,-1.0603,0.0018,0.0016,nan,nan
11.6292,-1.0602,0.0018,0.0016,nan,nan
11.6293,-1.0601,0.0018,0.0016,nan,nan
11.6293,-1.0600,0.0018,0.0016,nan,nan
11.6294,-1.0599,0.0018,0.0016,nan,nan
11.6295,-1.0597,0.0018,0.0016,nan,nan
11.6295,-1.0596,0.0018,0.0016,nan,nan
11.6296,-1.0595,0.0018,0.0016,nan,nan
11.6296,-1.0594,0.0018,0.0016,nan,nan
11.6297,-1.0593,0.0018,0.0016,nan,nan
11.6297,-1.0592,0.0018,0.0016,nan,nan
11.6298,-1.0591,0.0018,0.0016,nan,nan
11.6298,-1.0590,0.0018,0.0016,nan,nan
11.6299,-1.0589,0.0018,0.0016,nan,nan
11.6299,-1.0588,0.0018,0.0016,nan,nan
11.6300,-1.0587,0.0018,0.0016,nan,nan
11.6300,-1.0585,0.0018,0.0016,nan,nan
11.6301,-1.0584,0.0018,0.0016,nan,nan
11.6301,-1.0584,0.0018,0.0016,nan,nan
11.6302,-1.0583,0.0018,0.0016,nan,nan
11.6302,-1.0582,0.0018,0.0016,nan,nan
11.6302,-1.0581,0.0018,0.0016,nan,nan
11.6303,-1.0580,0.0018,0.0016,nan,nan
11.6303,-1.0579,0.0018,0.0016,nan,nan
11.6304,-1.0578,0.0018,0.0016,nan,nan
11.6304,-1.0577,0.0018,0.0016,nan,nan
11.6305,-1.0576,0.0018,0.0016,nan,nan
11.6305,-1.0575,0.0018,0.0016,nan,nan
11.6306,-1.0573,0.0018,0.0016,nan,nan
11.6307,-1.0572,0.0018,0.0016,nan,nan
11.6307,-1.0571,0.0018,0.0016,nan,nan
11.6308,-1.0570,0.0018,0.0016,nan,nan
11.6308,-1.0569,0.0018,0.0016,nan,nan
11.6309,-1.0568,0.0018,0.0016,nan,nan
11.6309,-1.0567,0.0018,0.0016,nan,nan
11.6310,-1.0566,0.0018,0.0016,nan,nan
11.6310,-1.0565,0.0018,0.0016,nan,nan
11.6311,-1.0564,0.0018,0.0016,nan,nan
11.6311,-1.0563,0.0018,0.0016,nan,nan
11.6312,-1.0561,0.0018,0.0016,nan,nan
11.6312,-1.0560,0.0018,0.0016,nan,nan
11.6313,-1.0559,0.0018,0.0016,nan,nan
11.6313,-1.0558,0.0018,0.0016,nan,nan
11.6314,-1.0557,0.0018,0.0016,nan,nan
11.6314,-1.0556,0.0018,0.0016,nan,nan
11.6315,-1.0555,0.0018,0.0016,nan,nan
11.6315,-1.0554,0.0018,0.0016,nan,nan
11.6316,-1.0553,0.0018,0.0016,nan,nan
11.6316,-1.0553,0.0018,0.0016,nan,nan
11.6316,-1.0552,0.0018,0.0016,nan,nan
11.6317,-1.0550,0.0018,0.0016,nan,nan
11.6317,-1.0549,0.0018,0.0016,nan,nan
11.6318,-1.0548,0.0018,0.0016,nan,nan
11.6318,-1.0547,0.0018,0.0016,nan,nan
11.6319,-1.0546,0.0018,0.0016,nan,nan
11.6319,-1.0545,0.0018,0.0016,nan,nan
11.6320,-1.0544,0.0018,0.0016,nan,nan
11.6320,-1.0543,0.0018,0.0016,nan,nan
11.6321,-1.0542,0.0018,0.0016,nan,nan
11.6321,-1.0541,0.0018,0.0016,nan,nan
11.6322,-1.0539,0.0018,0.0016,nan,nan
11.6322,-1.0538,0.0018,0.0016,nan,nan
11.6323,-1.0537,0.0018,0.0016,nan,nan
11.6323,-1.0536,0.0018,0.0016,nan,nan
11.6324,-1.0535,0.0018,0.0016,nan,nan
11.6324,-1.0534,0.0018,0.0016,nan,nan
11.6325,-1.0533,0.0018,0.0016,nan,nan
11.6325,-1.0532,0.0018,0.0016,nan,nan
11.6326,-1.0531,0.0018,0.0016,nan,nan
11.6326,-1.0530,0.0018,0.0016,nan,nan
11.6327,-1.0529,0.0018,0.0016,nan,nan
11.6327,-1.0527,0.0018,0.0016,nan,nan
11.6328,-1.0526,0.0018,0.0016,nan,nan
11.6328,-1.0525,0.0018,0.0016,nan,nan
11.6329,-1.0524,0.0018,0.0016,nan,nan
11.6329,-1.0523,0.0018,0.0016,nan,nan
11.6330,-1.0522,0.0018,0.0016,nan,nan
11.6330,-1.0521,0.0018,0.0016,nan,nan
11.6331,-1.0520,0.0018,0.0016,nan,nan
11.6331,-1.0519,0.0018,0.0016,nan,nan
11.6332,-1.0517,0.0018,0.0016,nan,nan
11.6332,-1.0516,0.0018,0.0016,nan,nan
11.6333,-1.0515,0.0018,0.0016,nan,nan
11.6333,-1.0514,0.0018,0.0016,nan,nan
11.6334,-1.0513,0.0018,0.0016,nan,nan
11.6334,-1.0512,0.0018,0.0016,nan,nan
11.6335,-1.0511,0.0018,0.0016,nan,nan
11.6335,-1.0510,0.0018,0.0016,nan,nan
11.6336,-1.0509,0.0018,0.0016,nan,nan
11.6336,-1.0508,0.0018,0.0016,nan,nan
11.6337,-1.0506,0.0018,0.0016,nan,nan
11.6337,-1.0505,0.0018,0.0016,nan,nan
11.6338,-1.0504,0.0018,0.0016,nan,nan
11.6338,-1.0503,0.0018,0.0016,nan,nan
11.6339,-1.0502,0.0018,0.0016,nan,nan
11.6339,-1.0501,0.0018,0.0016,nan,nan
11.6340,-1.0500,0.0018,0.0016,nan,nan
11.6340,-1.0499,0.0018,0.0016,nan,nan
11.6341,-1.0498,0.0018,0.0016,nan,nan
11.6341,-1.0497,0.0018,0.0016,nan,nan
11.6342,-1.0495,0.0018,0.0016,nan,nan
11.6342,-1.0494,0.0018,0.0016,nan,nan
11.6343,-1.0493,0.0018,0.0016,nan,nan
11.6343,-1.0492,0.0018,0.0016,nan,nan
11.6343,-1.0491,0.0018,0.0016,nan,nan
11.6344,-1.0490,0.0018,0.0016,nan,nan
11.6344,-1.0489,0.0018,0.0016,nan,nan
11.6345,-1.0488,0.0018,0.0016,nan,nan
11.6345,-1.0487,0.0018,0.0016,nan,nan
11.6346,-1.0485,0.0018,0.0016,nan,nan
11.6346,-1.0484,0.0018,0.0016,nan,nan
11.6347,-1.0483,0.0018,0.0016,nan,nan
11.6347,-1.0482,0.0018,0.0016,nan,nan
11.6348,-1.0481,0.0018,0.0016,nan,nan
11.6348,-1.0480,0.0018,0.0016,nan,nan
11.6349,-1.0479,0.0018,0.0016,nan,nan
11.6350,-1.0477,0.0018,0.0016,nan,nan
11.6350,-1.0476,0.0018,0.0016,nan,nan
11.6350,-1.0475,0.0018,0.0016,nan,nan
11.6351,-1.0474,0.0018,0.0016,nan,nan
11.6351,-1.0473,0.0018,0.0016,nan,nan
11.6352,-1.0471,0.0018,0.0016,nan,nan
11.6352,-1.0471,0.0018,0.0016,nan,nan
11.6353,-1.0469,0.0018,0.0016,nan,nan
11.6353,-1.0468,0.0018,0.0016,nan,nan
11.6354,-1.0467,0.0018,0.0016,nan,nan
11.6354,-1.0466,0.0018,0.0016,nan,nan
11.6355,-1.0464,0.0018,0.0016,nan,nan
11.6355,-1.0463,0.0018,0.0016,nan,nan
11.6356,-1.0462,0.0018,0.0016,nan,nan
11.6356,-1.0461,0.0018,0.0016,nan,nan
11.6357,-1.0460,0.0018,0.0016,nan,nan
11.6357,-1.0459,0.0018,0.0016,nan,nan
11.6358,-1.0458,0.0018,0.0016,nan,nan
11.6358,-1.0456,0.0018,0.0016,nan,nan
11.6359,-1.0456,0.0018,0.0016,nan,nan
11.6359,-1.0454,0.0018,0.0016,nan,nan
11.6360,-1.0453,0.0018,0.0016,nan,nan
11.6360,-1.0452,0.0018,0.0016,nan,nan
11.6361,-1.0451,0.0018,0.0016,nan,nan
11.6361,-1.0450,0.0018,0.0016,nan,nan
11.6362,-1.0448,0.0018,0.0016,nan,nan
11.6362,-1.0448,0.0018,0.0016,nan,nan
11.6363,-1.0446,0.0018,0.0016,nan,nan
11.6363,-1.0445,0.0018,0.0016,nan,nan
11.6363,-1.0444,0.0018,0.0016,nan,nan
11.6364,-1.0443,0.0018,0.0016,nan,nan
11.6364,-1.0442,0.0018,0.0016,nan,nan
11.6365,-1.0441,0.0018,0.0016,nan,nan
11.6365,-1.0440,0.0018,0.0016,nan,nan
11.6366,-1.0439,0.0018,0.0016,nan,nan
11.6366,-1.0438,0.0018,0.0016,nan,nan
11.6367,-1.0436,0.0018,0.0016,nan,nan
11.6367,-1.0436,0.0018,0.0016,nan,nan
11.6367,-1.0434,0.0018,0.0016,nan,nan
11.6368,-1.0433,0.0018,0.0016,nan,nan
11.6368,-1.0432,0.0018,0.0016,nan,nan
11.6369,-1.0431,0.0018,0.0016,nan,nan
11.6369,-1.0430,0.0018,0.0016,nan,nan
11.6370,-1.0428,0.0018,0.0016,nan,nan
11.6370,-1.0427,0.0018,0.0016,nan,nan
11.6371,-1.0426,0.0018,0.0016,nan,nan
11.6371,-1.0425,0.0018,0.0016,nan,nan
11.6372,-1.0424,0.0018,0.0016,nan,nan
11.6372,-1.0423,0.0018,0.0016,nan,nan
11.6373,-1.0422,0.0018,0.0016,nan,nan
11.6373,-1.0421,0.0018,0.0016,nan,nan
11.6373,-1.0420,0.0018,0.0016,nan,nan
11.6374,-1.0419,0.0018,0.0016,nan,nan
11.6374,-1.0418,0.0018,0.0016,nan,nan
11.6375,-1.0417,0.0018,0.0016,nan,nan
11.6375,-1.0416,0.0018,0.0016,nan,nan
11.6375,-1.0414,0.0018,0.0016,nan,nan
11.6376,-1.0414,0.0018,0.0016,nan,nan
11.6376,-1.0413,0.0018,0.0016,nan,nan
11.6376,-1.0412,0.0018,0.0016,nan,nan
11.6377,-1.0411,0.0018,0.0016,nan,nan
11.6377,-1.0410,0.0018,0.0016,nan,nan
11.6378,-1.0409,0.0018,0.0016,nan,nan
11.6378,-1.0408,0.0018,0.0016,nan,nan
11.6378,-1.0407,0.0018,0.0016,nan,nan
11.6379,-1.0406,0.0018,0.0016,nan,nan
11.6379,-1.0405,0.0018,0.0016,nan,nan
11.6380,-1.0404,0.0018,0.0016,nan,nan
11.6380,-1.0403,0.0018,0.0016,nan,nan
11.6381,-1.0402,0.0018,0.0016,nan,nan
11.6381,-1.0401,0.0018,0.0016,nan,nan
11.6381,-1.0400,0.0018,0.0016,nan,nan
11.6382,-1.0399,0.0018,0.0016,nan,nan
11.6382,-1.0398,0.0018,0.0016,nan,nan
11.6383,-1.0396,0.0018,0.0016,nan,nan
11.6383,-1.0395,0.0018,0.0016,nan,nan
11.6384,-1.0394,0.0018,0.0016,nan,nan
11.6384,-1.0393,0.0018,0.0016,nan,nan
11.6384,-1.0392,0.0018,0.0016,nan,nan
11.6385,-1.0391,0.0018,0.0016,nan,nan
11.6385,-1.0390,0.0018,0.0016,nan,nan
11.6386,-1.0389,0.0018,0.0016,nan,nan
11.6386,-1.0387,0.0018,0.0016,nan,nan
11.6386,-1.0386,0.0018,0.0016,nan,nan
11.6387,-1.0385,0.0018,0.0016,nan,nan
11.6387,-1.0384,0.0018,0.0016,nan,nan
11.6388,-1.0383,0.0018,0.0016,nan,nan
11.6388,-1.0382,0.0018,0.0016,nan,nan
11.6389,-1.0381,0.0018,0.0016,nan,nan
11.6389,-1.0380,0.0018,0.0016,nan,nan
11.6390,-1.0378,0.0018,0.0016,nan,nan
11.6390,-1.0377,0.0018,0.0016,nan,nan
11.6390,-1.0376,0.0018,0.0016,nan,nan
11.6391,-1.0375,0.0018,0.0016,nan,nan
11.6391,-1.0374,0.0018,0.0016,nan,nan
11.6392,-1.0373,0.0018,0.0016,nan,nan
11.6392,-1.0372,0.0018,0.0016,nan,nan
11.6393,-1.0371,0.0018,0.0016,nan,nan
11.6393,-1.0369,0.0018,0.0016,nan,nan
11.6393,-1.0369,0.0018,0.0016,nan,nan
11.6394,-1.0367,0.0018,0.0016,nan,nan
11.6394,-1.0366,0.0018,0.0016,nan,nan
11.6395,-1.0364,0.0018,0.0016,nan,nan
11.6395,-1.0364,0.0018,0.0016,nan,nan
11.6396,-1.0362,0.0018,0.0016,nan,nan
11.6396,-1.0361,0.0018,0.0016,nan,nan
11.6397,-1.0360,0.0018,0.0016,nan,nan
11.6397,-1.0359,0.0018,0.0016,nan,nan
11.6397,-1.0358,0.0018,0.0016,nan,nan
11.6398,-1.0357,0.0018,0.0016,nan,nan
11.6398,-1.0356,0.0018,0.0016,nan,nan
11.6399,-1.0354,0.0018,0.0016,nan,nan
11.6399,-1.0353,0.0018,0.0016,nan,nan
11.6399,-1.0352,0.0018,0.0016,nan,nan
11.6400,-1.0351,0.0018,0.0016,nan,nan
11.6400,-1.0350,0.0018,0.0016,nan,nan
11.6401,-1.0349,0.0018,0.0016,nan,nan
11.6401,-1.0348,0.0018,0.0016,nan,nan
11.6401,-1.0347,0.0018,0.0016,nan,nan
11.6402,-1.0346,0.0018,0.0016,nan,nan
11.6402,-1.0345,0.0018,0.0016,nan,nan
11.6403,-1.0344,0.0018,0.0016,nan,nan
11.6403,-1.0343,0.0018,0.0016,nan,nan
11.6403,-1.0342,0.0018,0.0016,nan,nan
11.6404,-1.0340,0.0018,0.0016,nan,nan
11.6404,-1.0339,0.0018,0.0016,nan,nan
11.6405,-1.0338,0.0018,0.0016,nan,nan
11.6405,-1.0337,0.0018,0.0016,nan,nan
11.6406,-1.0336,0.0018,0.0016,nan,nan
11.6406,-1.0335,0.0018,0.0016,nan,nan
11.6406,-1.0333,0.0018,0.0016,nan,nan
11.6407,-1.0333,0.0018,0.0016,nan,nan
11.6407,-1.0331,0.0018,0.0016,nan,nan
11.6408,-1.0330,0.0018,0.0016,nan,nan
11.6408,-1.0329,0.0018,0.0016,nan,nan
11.6409,-1.0328,0.0018,0.0016,nan,nan
11.6409,-1.0326,0.0018,0.0016,nan,nan
11.6409,-1.0325,0.0018,0.0016,nan,nan
11.6410,-1.0324,0.0018,0.0016,nan,nan
11.6410,-1.0323,0.0018,0.0016,nan,nan
11.6411,-1.0322,0.0018,0.0016,nan,nan
11.6411,-1.0320,0.0018,0.0016,nan,nan
11.6412,-1.0319,0.0018,0.0016,nan,nan
11.6412,-1.0318,0.0018,0.0016,nan,nan
11.6412,-1.0317,0.0018,0.0016,nan,nan
11.6413,-1.0316,0.0018,0.0016,nan,nan
11.6413,-1.0315,0.0018,0.0016,nan,nan
11.6414,-1.0314,0.0018,0.0016,nan,nan
11.6414,-1.0313,0.0018,0.0016,nan,nan
11.6414,-1.0311,0.0018,0.0016,nan,nan
11.6415,-1.0310,0.0018,0.0016,nan,nan
11.6415,-1.0309,0.0018,0.0016,nan,nan
11.6416,-1.0308,0.0018,0.0016,nan,nan
11.6416,-1.0307,0.0018,0.0016,nan,nan
11.6416,-1.0306,0.0018,0.0016,nan,nan
11.6416,-1.0306,0.0018,0.0016,nan,nan
11.6417,-1.0304,0.0018,0.0016,nan,nan
11.6417,-1.0303,0.0018,0.0016,nan,nan
11.6418,-1.0302,0.0018,0.0016,nan,nan
11.6418,-1.0301,0.0018,0.0016,nan,nan
11.6419,-1.0300,0.0018,0.0016,nan,nan
11.6419,-1.0299,0.0018,0.0016,nan,nan
11.6419,-1.0297,0.0018,0.0016,nan,nan
11.6420,-1.0296,0.0018,0.0016,nan,nan
11.6420,-1.0295,0.0018,0.0016,nan,nan
11.6420,-1.0294,0.0018,0.0016,nan,nan
11.6420,-1.0294,0.0018,0.0016,nan,nan
11.6421,-1.0293,0.0018,0.0016,nan,nan
11.6421,-1.0292,0.0018,0.0016,nan,nan
11.6422,-1.0291,0.0018,0.0016,nan,nan
11.6422,-1.0290,0.0018,0.0016,nan,nan
11.6422,-1.0289,0.0018,0.0016,nan,nan
11.6423,-1.0287,0.0018,0.0016,nan,nan
11.6423,-1.0286,0.0018,0.0016,nan,nan
11.6424,-1.0285,0.0018,0.0016,nan,nan
11.6424,-1.0284,0.0018,0.0016,nan,nan
11.6424,-1.0283,0.0018,0.0016,nan,nan
11.6425,-1.0282,0.0018,0.0016,nan,nan
11.6425,-1.0281,0.0018,0.0016,nan,nan
11.6426,-1.0279,0.0018,0.0016,nan,nan
11.6426,-1.0278,0.0018,0.0016,nan,nan
11.6426,-1.0277,0.0018,0.0016,nan,nan
11.6427,-1.0276,0.0018,0.0016,nan,nan
11.6427,-1.0275,0.0018,0.0016,nan,nan
11.6427,-1.0274,0.0018,0.0016,nan,nan
11.6428,-1.0273,0.0018,0.0016,nan,nan
11.6428,-1.0272,0.0018,0.0016,nan,nan
11.6429,-1.0270,0.0018,0.0016,nan,nan
11.6429,-1.0269,0.0018,0.0016,nan,nan
11.6429,-1.0268,0.0018,0.0016,nan,nan
11.6430,-1.0267,0.0018,0.0016,nan,nan
11.6430,-1.0266,0.0018,0.0016,nan,nan
11.6431,-1.0265,0.0018,0.0016,nan,nan
11.6431,-1.0264,0.0018,0.0016,nan,nan
11.6431,-1.0262,0.0018,0.0016,nan,nan
11.6432,-1.0261,0.0018,0.0016,nan,nan
11.6432,-1.0260,0.0018,0.0016,nan,nan
11.6432,-1.0259,0.0018,0.0016,nan,nan
11.6433,-1.0258,0.0018,0.0016,nan,nan
11.6433,-1.0257,0.0018,0.0016,nan,nan
11.6434,-1.0256,0.0018,0.0016,nan,nan
11.6434,-1.0255,0.0018,0.0016,nan,nan
11.6434,-1.0253,0.0018,0.0016,nan,nan
11.6435,-1.0252,0.0018,0.0016,nan,nan
11.6435,-1.0251,0.0018,0.0016,nan,nan
11.6435,-1.0250,0.0018,0.0016,nan,nan
11.6436,-1.0249,0.0018,0.0016,nan,nan
11.6436,-1.0248,0.0018,0.0016,nan,nan
11.6437,-1.0247,0.0018,0.0016,nan,nan
11.6437,-1.0245,0.0018,0.0016,nan,nan
11.6437,-1.0244,0.0018,0.0016,nan,nan
11.6438,-1.0243,0.0018,0.0016,nan,nan
11.6438,-1.0242,0.0018,0.0016,nan,nan
11.6438,-1.0241,0.0018,0.0016,nan,nan
11.6439,-1.0240,0.0018,0.0016,nan,nan
11.6439,-1.0239,0.0018,0.0016,nan,nan
11.6440,-1.0238,0.0018,0.0016,nan,nan
11.6440,-1.0236,0.0018,0.0016,nan,nan
11.6440,-1.0235,0.0018,0.0016,nan,nan
11.6441,-1.0234,0.0018,0.0016,nan,nan
11.6441,-1.0233,0.0018,0.0016,nan,nan
11.6441,-1.0232,0.0018,0.0016,nan,nan
11.6442,-1.0231,0.0018,0.0016,nan,nan
11.6442,-1.0230,0.0018,0.0016,nan,nan
11.6443,-1.0228,0.0018,0.0016,nan,nan
11.6443,-1.0227,0.0018,0.0016,nan,nan
11.6443,-1.0226,0.0018,0.0016,nan,nan
11.6444,-1.0225,0.0018,0.0016,nan,nan
11.6444,-1.0224,0.0018,0.0016,nan,nan
11.6444,-1.0223,0.0018,0.0016,nan,nan
11.6445,-1.0222,0.0018,0.0016,nan,nan
11.6445,-1.0220,0.0018,0.0016,nan,nan
11.6445,-1.0219,0.0018,0.0016,nan,nan
11.6446,-1.0218,0.0018,0.0016,nan,nan
11.6446,-1.0217,0.0018,0.0016,nan,nan
11.6447,-1.0216,0.0018,0.0016,nan,nan
11.6447,-1.0215,0.0018,0.0016,nan,nan
11.6447,-1.0214,0.0018,0.0016,nan,nan
11.6448,-1.0212,0.0018,0.0016,nan,nan
11.6448,-1.0211,0.0018,0.0016,nan,nan
11.6448,-1.0210,0.0018,0.0016,nan,nan
11.6449,-1.0209,0.0018,0.0016,nan,nan
11.6449,-1.0208,0.0018,0.0016,nan,nan
11.6449,-1.0207,0.0018,0.0016,nan,nan
11.6450,-1.0206,0.0018,0.0016,nan,nan
11.6450,-1.0204,0.0018,0.0016,nan,nan
11.6451,-1.0203,0.0018,0.0016,nan,nan
11.6451,-1.0202,0.0018,0.0016,nan,nan
11.6451,-1.0201,0.0018,0.0016,nan,nan
11.6452,-1.0200,0.0018,0.0016,nan,nan
11.6452,-1.0199,0.0018,0.0016,nan,nan
11.6452,-1.0198,0.0018,0.0016,nan,nan
11.6453,-1.0196,0.0018,0.0016,nan,nan
11.6453,-1.0195,0.0018,0.0016,nan,nan
11.6453,-1.0194,0.0018,0.0016,nan,nan
11.6454,-1.0193,0.0018,0.0016,nan,nan
11.6454,-1.0192,0.0018,0.0016,nan,nan
11.6454,-1.0191,0.0018,0.0016,nan,nan
11.6455,-1.0190,0.0018,0.0016,nan,nan
11.6455,-1.0188,0.0018,0.0016,nan,nan
11.6455,-1.0187,0.0018,0.0016,nan,nan
11.6456,-1.0186,0.0018,0.0016,nan,nan
11.6456,-1.0185,0.0018,0.0016,nan,nan
11.6457,-1.0184,0.0018,0.0016,nan,nan
11.6457,-1.0183,0.0018,0.0016,nan,nan
11.6457,-1.0182,0.0018,0.0016,nan,nan
11.6458,-1.0180,0.0018,0.0016,nan,nan
11.6458,-1.0179,0.0018,0.0016,nan,nan
11.6458,-1.0178,0.0018,0.0016,nan,nan
11.6459,-1.0177,0.0018,0.0016,nan,nan
11.6459,-1.0176,0.0018,0.0016,nan,nan
11.6459,-1.0175,0.0018,0.0016,nan,nan
11.6460,-1.0174,0.0018,0.0016,nan,nan
11.6460,-1.0172,0.0018,0.0016,nan,nan
11.6460,-1.0171,0.0018,0.0016,nan,nan
11.6461,-1.0170,0.0018,0.0016,nan,nan
11.6461,-1.0169,0.0018,0.0016,nan,nan
11.6461,-1.0168,0.0018,0.0016,nan,nan
11.6462,-1.0167,0.0018,0.0016,nan,nan
11.6462,-1.0165,0.0018,0.0016,nan,nan
11.6463,-1.0164,0.0018,0.0016,nan,nan
11.6463,-1.0163,0.0018,0.0016,nan,nan
11.6463,-1.0162,0.0018,0.0016,nan,nan
11.6463,-1.0161,0.0018,0.0016,nan,nan
11.6464,-1.0160,0.0018,0.0016,nan,nan
11.6464,-1.0159,0.0018,0.0016,nan,nan
11.6464,-1.0158,0.0018,0.0016,nan,nan
11.6465,-1.0156,0.0018,0.0016,nan,nan
11.6465,-1.0155,0.0018,0.0016,nan,nan
11.6465,-1.0154,0.0018,0.0016,nan,nan
11.6466,-1.0153,0.0018,0.0016,nan,nan
11.6466,-1.0152,0.0018,0.0016,nan,nan
11.6467,-1.0150,0.0018,0.0016,nan,nan
11.6467,-1.0149,0.0018,0.0016,nan,nan
11.6467,-1.0148,0.0018,0.0016,nan,nan
11.6467,-1.0147,0.0018,0.0016,nan,nan
11.6468,-1.0146,0.0018,0.0016,nan,nan
11.6468,-1.0145,0.0018,0.0016,nan,nan
11.6468,-1.0144,0.0018,0.0016,nan,nan
11.6469,-1.0142,0.0018,0.0016,nan,nan
11.6469,-1.0142,0.0018,0.0016,nan,nan
11.6469,-1.0140,0.0018,0.0016,nan,nan
11.6470,-1.0139,0.0018,0.0016,nan,nan
11.6470,-1.0138,0.0018,0.0016,nan,nan
11.6470,-1.0137,0.0018,0.0016,nan,nan
11.6471,-1.0136,0.0018,0.0016,nan,nan
11.6471,-1.0134,0.0018,0.0016,nan,nan
11.6471,-1.0133,0.0018,0.0016,nan,nan
11.6472,-1.0132,0.0018,0.0016,nan,nan
11.6472,-1.0131,0.0018,0.0016,nan,nan
11.6472,-1.0130,0.0018,0.0016,nan,nan
11.6473,-1.0129,0.0018,0.0016,nan,nan
11.6473,-1.0128,0.0018,0.0016,nan,nan
11.6473,-1.0126,0.0018,0.0016,nan,nan
11.6474,-1.0125,0.0018,0.0016,nan,nan
11.6474,-1.0124,0.0018,0.0016,nan,nan
11.6474,-1.0123,0.0018,0.0016,nan,nan
11.6475,-1.0122,0.0018,0.0016,nan,nan
11.6475,-1.0120,0.0018,0.0016,nan,nan
11.6475,-1.0119,0.0018,0.0016,nan,nan
11.6476,-1.0119,0.0018,0.0016,nan,nan
11.6476,-1.0117,0.0018,0.0016,nan,nan
11.6476,-1.0116,0.0018,0.0016,nan,nan
11.6477,-1.0115,0.0018,0.0016,nan,nan
11.6477,-1.0114,0.0018,0.0016,nan,nan
11.6477,-1.0113,0.0018,0.0016,nan,nan
11.6478,-1.0112,0.0018,0.0016,nan,nan
11.6478,-1.0111,0.0018,0.0016,nan,nan
11.6478,-1.0109,0.0018,0.0016,nan,nan
11.6478,-1.0108,0.0018,0.0016,nan,nan
11.6479,-1.0108,0.0018,0.0016,nan,nan
11.6479,-1.0107,0.0018,0.0016,nan,nan
11.6479,-1.0106,0.0018,0.0016,nan,nan
11.6479,-1.0105,0.0018,0.0016,nan,nan
11.6480,-1.0104,0.0018,0.0016,nan,nan
11.6480,-1.0102,0.0018,0.0016,nan,nan
11.6480,-1.0101,0.0018,0.0016,nan,nan
11.6481,-1.0100,0.0018,0.0016,nan,nan
11.6481,-1.0099,0.0018,0.0016,nan,nan
11.6481,-1.0098,0.0018,0.0016,nan,nan
11.6482,-1.0097,0.0018,0.0016,nan,nan
11.6482,-1.0096,0.0018,0.0016,nan,nan
11.6482,-1.0094,0.0018,0.0016,nan,nan
11.6483,-1.0093,0.0018,0.0016,nan,nan
11.6483,-1.0092,0.0018,0.0016,nan,nan
11.6483,-1.0091,0.0018,0.0016,nan,nan
11.6484,-1.0090,0.0018,0.0016,nan,nan
11.6484,-1.0089,0.0018,0.0016,nan,nan
11.6484,-1.0088,0.0018,0.0016,nan,nan
11.6484,-1.0086,0.0018,0.0016,nan,nan
11.6485,-1.0085,0.0018,0.0016,nan,nan
11.6485,-1.0084,0.0018,0.0016,nan,nan
11.6485,-1.0083,0.0018,0.0016,nan,nan
11.6486,-1.0082,0.0018,0.0016,nan,nan
11.6486,-1.0081,0.0018,0.0016,nan,nan
11.6486,-1.0079,0.0018,0.0016,nan,nan
11.6487,-1.0078,0.0018,0.0016,nan,nan
11.6487,-1.0077,0.0018,0.0016,nan,nan
11.6487,-1.0076,0.0018,0.0016,nan,nan
11.6488,-1.0075,0.0018,0.0016,nan,nan
11.6488,-1.0074,0.0018,0.0016,nan,nan
11.6488,-1.0073,0.0018,0.0016,nan,nan
11.6488,-1.0071,0.0018,0.0016,nan,nan
11.6489,-1.0070,0.0018,0.0016,nan,nan
11.6489,-1.0069,0.0018,0.0016,nan,nan
11.6489,-1.0068,0.0018,0.0016,nan,nan
11.6490,-1.0067,0.0018,0.0016,nan,nan
11.6490,-1.0066,0.0018,0.0016,nan,nan
11.6490,-1.0064,0.0018,0.0016,nan,nan
11.6491,-1.0063,0.0018,0.0016,nan,nan
11.6491,-1.0062,0.0018,0.0016,nan,nan
11.6491,-1.0061,0.0018,0.0016,nan,nan
11.6491,-1.0060,0.0018,0.0016,nan,nan
11.6492,-1.0059,0.0018,0.0016,nan,nan
11.6492,-1.0058,0.0018,0.0016,nan,nan
11.6492,-1.0056,0.0018,0.0016,nan,nan
11.6493,-1.0055,0.0018,0.0016,nan,nan
11.6493,-1.0054,0.0018,0.0016,nan,nan
11.6493,-1.0053,0.0018,0.0016,nan,nan
11.6493,-1.0052,0.0018,0.0016,nan,nan
11.6494,-1.0051,0.0018,0.0016,nan,nan
11.6494,-1.0049,0.0018,0.0016,nan,nan
11.6494,-1.0048,0.0018,0.0016,nan,nan
11.6495,-1.0047,0.0018,0.0016,nan,nan
11.6495,-1.0046,0.0018,0.0016,nan,nan
11.6495,-1.0045,0.0018,0.0016,nan,nan
11.6496,-1.0044,0.0018,0.0016,nan,nan
11.6496,-1.0042,0.0018,0.0016,nan,nan
11.6496,-1.0041,0.0018,0.0016,nan,nan
11.6496,-1.0040,0.0018,0.0016,nan,nan
11.6497,-1.0039,0.0018,0.0016,nan,nan
11.6497,-1.0038,0.0018,0.0016,nan,nan
11.6497,-1.0037,0.0018,0.0016,nan,nan
11.6498,-1.0036,0.0018,0.0016,nan,nan
11.6498,-1.0034,0.0018,0.0016,nan,nan
11.6498,-1.0034,0.0018,0.0016,nan,nan
11.6498,-1.0033,0.0018,0.0016,nan,nan
11.6498,-1.0032,0.0018,0.0016,nan,nan
11.6499,-1.0031,0.0018,0.0016,nan,nan
11.6499,-1.0030,0.0018,0.0016,nan,nan
11.6499,-1.0029,0.0018,0.0016,nan,nan
11.6500,-1.0027,0.0018,0.0016,nan,nan
11.6500,-1.0026,0.0018,0.0016,nan,nan
11.6500,-1.0025,0.0018,0.0016,nan,nan
11.6500,-1.0024,0.0018,0.0016,nan,nan
11.6501,-1.0023,0.0018,0.0016,nan,nan
11.6501,-1.0022,0.0018,0.0016,nan,nan
11.6501,-1.0020,0.0018,0.0016,nan,nan
11.6502,-1.0019,0.0018,0.0016,nan,nan
11.6502,-1.0018,0.0018,0.0016,nan,nan
11.6502,-1.0017,0.0018,0.0016,nan,nan
11.6502,-1.0016,0.0018,0.0016,nan,nan
11.6503,-1.0015,0.0018,0.0016,nan,nan
11.6503,-1.0014,0.0018,0.0016,nan,nan
11.6503,-1.0012,0.0018,0.0016,nan,nan
11.6504,-1.0011,0.0018,0.0016,nan,nan
11.6504,-1.0010,0.0018,0.0016,nan,nan
11.6504,-1.0009,0.0018,0.0016,nan,nan
11.6504,-1.0008,0.0018,0.0016,nan,nan
11.6505,-1.0007,0.0018,0.0016,nan,nan
11.6505,-1.0005,0.0018,0.0016,nan,nan
11.6505,-1.0004,0.0018,0.0016,nan,nan
11.6505,-1.0003,0.0018,0.0016,nan,nan
11.6506,-1.0002,0.0018,0.0016,nan,nan
11.6506,-1.0001,0.0018,0.0016,nan,nan
11.6506,-1.0000,0.0018,0.0016,nan,nan
11.6507,-0.9998,0.0018,0.0016,nan,nan
11.6507,-0.9997,0.0018,0.0016,nan,nan
11.6507,-0.9996,0.0018,0.0016,nan,nan
11.6507,-0.9995,0.0018,0.0016,nan,nan
11.6508,-0.9994,0.0018,0.0016,nan,nan
11.6508,-0.9993,0.0018,0.0016,nan,nan
11.6508,-0.9992,0.0018,0.0016,nan,nan
11.6508,-0.9990,0.0018,0.0016,nan,nan
11.6509,-0.9989,0.0018,0.0016,nan,nan
11.6509,-0.9988,0.0018,0.0016,nan,nan
11.6509,-0.9987,0.0018,0.0016,nan,nan
11.6509,-0.9986,0.0018,0.0016,nan,nan
11.6510,-0.9985,0.0018,0.0016,nan,nan
11.6510,-0.9983,0.0018,0.0016,nan,nan
11.6510,-0.9982,0.0018,0.0016,nan,nan
11.6511,-0.9981,0.0018,0.0016,nan,nan
11.6511,-0.9980,0.0018,0.0016,nan,nan
11.6511,-0.9979,0.0018,0.0016,nan,nan
11.6511,-0.9978,0.0018,0.0016,nan,nan
11.6512,-0.9976,0.0018,0.0016,nan,nan
11.6512,-0.9975,0.0018,0.0016,nan,nan
11.6512,-0.9974,0.0018,0.0016,nan,nan
11.6512,-0.9973,0.0018,0.0016,nan,nan
11.6513,-0.9972,0.0018,0.0016,nan,nan
11.6513,-0.9971,0.0018,0.0016,nan,nan
11.6513,-0.9969,0.0018,0.0016,nan,nan
11.6513,-0.9968,0.0018,0.0016,nan,nan
11.6514,-0.9967,0.0018,0.0016,nan,nan
11.6514,-0.9966,0.0018,0.0016,nan,nan
11.6514,-0.9965,0.0018,0.0016,nan,nan
11.6514,-0.9964,0.0018,0.0016,nan,nan
11.6515,-0.9962,0.0018,0.0016,nan,nan
11.6515,-0.9961,0.0018,0.0016,nan,nan
11.6515,-0.9960,0.0018,0.0016,nan,nan
11.6515,-0.9959,0.0018,0.0016,nan,nan
11.6516,-0.9958,0.0018,0.0016,nan,nan
11.6516,-0.9957,0.0018,0.0016,nan,nan
11.6516,-0.9956,0.0018,0.0016,nan,nan
11.6517,-0.9954,0.0018,0.0016,nan,nan
11.6517,-0.9953,0.0018,0.0016,nan,nan
11.6517,-0.9952,0.0018,0.0016,nan,nan
11.6517,-0.9951,0.0018,0.0016,nan,nan
11.6518,-0.9950,0.0018,0.0016,nan,nan
11.6518,-0.9949,0.0018,0.0016,nan,nan
11.6518,-0.9947,0.0018,0.0016,nan,nan
11.6518,-0.9946,0.0018,0.0016,nan,nan
11.6519,-0.9945,0.0018,0.0016,nan,nan
11.6519,-0.9944,0.0018,0.0016,nan,nan
11.6519,-0.9943,0.0018,0.0016,nan,nan
11.6519,-0.9942,0.0018,0.0016,nan,nan
11.6520,-0.9940,0.0018,0.0016,nan,nan
11.6520,-0.9939,0.0018,0.0016,nan,nan
11.6520,-0.9938,0.0018,0.0016,nan,nan
11.6520,-0.9937,0.0018,0.0016,nan,nan
11.6521,-0.9936,0.0018,0.0016,nan,nan
11.6521,-0.9935,0.0018,0.0016,nan,nan
11.6521,-0.9933,0.0018,0.0016,nan,nan
11.6521,-0.9932,0.0018,0.0016,nan,nan
11.6522,-0.9931,0.0018,0.0016,nan,nan
11.6522,-0.9930,0.0018,0.0016,nan,nan
11.6522,-0.9929,0.0018,0.0016,nan,nan
11.6522,-0.9928,0.0018,0.0016,nan,nan
11.6522,-0.9926,0.0018,0.0016,nan,nan
11.6523,-0.9925,0.0018,0.0016,nan,nan
11.6523,-0.9924,0.0018,0.0016,nan,nan
11.6523,-0.9923,0.0018,0.0016,nan,nan
11.6523,-0.9922,0.0018,0.0016,nan,nan
11.6524,-0.9921,0.0018,0.0016,nan,nan
11.6524,-0.9919,0.0018,0.0016,nan,nan
11.6524,-0.9918,0.0018,0.0016,nan,nan
11.6524,-0.9917,0.0018,0.0016,nan,nan
11.6525,-0.9916,0.0018,0.0016,nan,nan
11.6525,-0.9915,0.0018,0.0016,nan,nan
11.6525,-0.9914,0.0018,0.0016,nan,nan
11.6525,-0.9912,0.0018,0.0016,nan,nan
11.6526,-0.9911,0.0018,0.0016,nan,nan
11.6526,-0.9910,0.0018,0.0016,nan,nan
11.6526,-0.9909,0.0018,0.0016,nan,nan
11.6526,-0.9908,0.0018,0.0016,nan,nan
11.6527,-0.9907,0.0018,0.0016,nan,nan
11.6527,-0.9905,0.0018,0.0016,nan,nan
11.6527,-0.9904,0.0018,0.0016,nan,nan
11.6527,-0.9903,0.0018,0.0016,nan,nan
11.6527,-0.9902,0.0018,0.0016,nan,nan
11.6528,-0.9901,0.0018,0.0016,nan,nan
11.6528,-0.9900,0.0018,0.0016,nan,nan
11.6528,-0.9898,0.0018,0.0016,nan,nan
11.6528,-0.9897,0.0018,0.0016,nan,nan
11.6529,-0.9896,0.0018,0.0016,nan,nan
11.6529,-0.9895,0.0018,0.0016,nan,nan
11.6529,-0.9894,0.0018,0.0016,nan,nan
11.6529,-0.9893,0.0018,0.0016,nan,nan
11.6530,-0.9891,0.0018,0.0016,nan,nan
11.6530,-0.9891,0.0018,0.0016,nan,nan
11.6530,-0.9890,0.0018,0.0016,nan,nan
11.6530,-0.9889,0.0018,0.0016,nan,nan
11.6530,-0.9888,0.0018,0.0016,nan,nan
11.6530,-0.9887,0.0018,0.0016,nan,nan
11.6531,-0.9886,0.0018,0.0016,nan,nan
11.6531,-0.9884,0.0018,0.0016,nan,nan
11.6531,-0.9883,0.0018,0.0016,nan,nan
11.6531,-0.9882,0.0018,0.0016,nan,nan
11.6532,-0.9881,0.0018,0.0016,nan,nan
11.6532,-0.9880,0.0018,0.0016,nan,nan
11.6532,-0.9880,0.0018,0.0016,nan,nan
11.6532,-0.9879,0.0018,0.0016,nan,nan
11.6532,-0.9877,0.0018,0.0016,nan,nan
11.6533,-0.9876,0.0018,0.0016,nan,nan
11.6533,-0.9875,0.0018,0.0016,nan,nan
11.6533,-0.9874,0.0018,0.0016,nan,nan
11.6533,-0.9873,0.0018,0.0016,nan,nan
11.6533,-0.9872,0.0018,0.0016,nan,nan
11.6534,-0.9870,0.0018,0.0016,nan,nan
11.6534,-0.9869,0.0018,0.0016,nan,nan
11.6534,-0.9868,0.0018,0.0016,nan,nan
11.6534,-0.9867,0.0018,0.0016,nan,nan
11.6535,-0.9866,0.0018,0.0016,nan,nan
11.6535,-0.9865,0.0018,0.0016,nan,nan
11.6535,-0.9863,0.0018,0.0016,nan,nan
11.6535,-0.9862,0.0018,0.0016,nan,nan
11.6535,-0.9861,0.0018,0.0016,nan,nan
11.6536,-0.9860,0.0018,0.0016,nan,nan
11.6536,-0.9859,0.0018,0.0016,nan,nan
11.6536,-0.9859,0.0018,0.0016,nan,nan
11.6536,-0.9858,0.0018,0.0016,nan,nan
11.6536,-0.9856,0.0018,0.0016,nan,nan
11.6536,-0.9855,0.0018,0.0016,nan,nan
11.6537,-0.9854,0.0018,0.0016,nan,nan
11.6537,-0.9853,0.0018,0.0016,nan,nan
11.6537,-0.9852,0.0018,0.0016,nan,nan
11.6537,-0.9850,0.0018,0.0016,nan,nan
11.6538,-0.9849,0.0018,0.0016,nan,nan
11.6538,-0.9848,0.0018,0.0016,nan,nan
11.6538,-0.9847,0.0018,0.0016,nan,nan
11.6538,-0.9846,0.0018,0.0016,nan,nan
11.6538,-0.9845,0.0018,0.0016,nan,nan
11.6539,-0.9843,0.0018,0.0016,nan,nan
11.6539,-0.9842,0.0018,0.0016,nan,nan
11.6539,-0.9841,0.0018,0.0016,nan,nan
11.6539,-0.9840,0.0018,0.0016,nan,nan
11.6539,-0.9839,0.0018,0.0016,nan,nan
11.6540,-0.9838,0.0018,0.0016,nan,nan
11.6540,-0.9836,0.0018,0.0016,nan,nan
11.6540,-0.9835,0.0018,0.0016,nan,nan
11.6540,-0.9834,0.0018,0.0016,nan,nan
11.6540,-0.9833,0.0018,0.0016,nan,nan
11.6540,-0.9833,0.0018,0.0016,nan,nan
11.6541,-0.9832,0.0018,0.0016,nan,nan
11.6541,-0.9831,0.0018,0.0016,nan,nan
11.6541,-0.9830,0.0018,0.0016,nan,nan
11.6541,-0.9829,0.0018,0.0016,nan,nan
11.6541,-0.9829,0.0018,0.0016,nan,nan
11.6541,-0.9828,0.0018,0.0016,nan,nan
11.6541,-0.9827,0.0018,0.0016,nan,nan
11.6542,-0.9826,0.0018,0.0016,nan,nan
11.6542,-0.9826,0.0018,0.0016,nan,nan
11.6542,-0.9825,0.0018,0.0016,nan,nan
11.6542,-0.9824,0.0018,0.0016,nan,nan
11.6542,-0.9824,0.0018,0.0016,nan,nan
11.6542,-0.9822,0.0018,0.0016,nan,nan
11.6542,-0.9821,0.0018,0.0016,nan,nan
11.6543,-0.9820,0.0018,0.0016,nan,nan
11.6543,-0.9819,0.0018,0.0016,nan,nan
11.6543,-0.9818,0.0018,0.0016,nan,nan
11.6543,-0.9817,0.0018,0.0016,nan,nan
11.6543,-0.9815,0.0018,0.0016,nan,nan
11.6544,-0.9814,0.0018,0.0016,nan,nan
11.6544,-0.9813,0.0018,0.0016,nan,nan
11.6544,-0.9812,0.0018,0.0016,nan,nan
11.6544,-0.9811,0.0018,0.0016,nan,nan
11.6544,-0.9809,0.0018,0.0016,nan,nan
11.6545,-0.9808,0.0018,0.0016,nan,nan
11.6545,-0.9807,0.0018,0.0016,nan,nan
11.6545,-0.9806,0.0018,0.0016,nan,nan
11.6545,-0.9805,0.0018,0.0016,nan,nan
11.6545,-0.9804,0.0018,0.0016,nan,nan
11.6546,-0.9802,0.0018,0.0016,nan,nan
11.6546,-0.9801,0.0018,0.0016,nan,nan
11.6546,-0.9800,0.0018,0.0016,nan,nan
11.6546,-0.9799,0.0018,0.0016,nan,nan
11.6546,-0.9798,0.0018,0.0016,nan,nan
11.6547,-0.9797,0.0018,0.0016,nan,nan
11.6547,-0.9795,0.0018,0.0016,nan,nan
11.6547,-0.9794,0.0018,0.0016,nan,nan
11.6547,-0.9794,0.0018,0.0016,nan,nan
11.6547,-0.9793,0.0018,0.0016,nan,nan
11.6547,-0.9792,0.0018,0.0016,nan,nan
11.6548,-0.9791,0.0018,0.0016,nan,nan
11.6548,-0.9790,0.0018,0.0016,nan,nan
11.6548,-0.9788,0.0018,0.0016,nan,nan
11.6548,-0.9787,0.0018,0.0016,nan,nan
11.6548,-0.9786,0.0018,0.0016,nan,nan
11.6548,-0.9785,0.0018,0.0016,nan,nan
11.6549,-0.9784,0.0018,0.0016,nan,nan
11.6549,-0.9783,0.0018,0.0016,nan,nan
11.6549,-0.9781,0.0018,0.0016,nan,nan
11.6549,-0.9780,0.0018,0.0016,nan,nan
11.6549,-0.9779,0.0018,0.0016,nan,nan
11.6550,-0.9778,0.0018,0.0016,nan,nan
11.6550,-0.9777,0.0018,0.0016,nan,nan
11.6550,-0.9775,0.0018,0.0016,nan,nan
11.6550,-0.9774,0.0018,0.0016,nan,nan
11.6550,-0.9773,0.0018,0.0016,nan,nan
11.6550,-0.9772,0.0018,0.0016,nan,nan
11.6551,-0.9771,0.0018,0.0016,nan,nan
11.6551,-0.9770,0.0018,0.0016,nan,nan
11.6551,-0.9768,0.0018,0.0016,nan,nan
11.6551,-0.9767,0.0018,0.0016,nan,nan
11.6551,-0.9766,0.0018,0.0016,nan,nan
11.6552,-0.9765,0.0018,0.0016,nan,nan
11.6552,-0.9764,0.0018,0.0016,nan,nan
11.6552,-0.9763,0.0018,0.0016,nan,nan
11.6552,-0.9761,0.0018,0.0016,nan,nan
11.6552,-0.9760,0.0018,0.0016,nan,nan
11.6552,-0.9759,0.0018,0.0016,nan,nan
11.6553,-0.9758,0.0018,0.0016,nan,nan
11.6553,-0.9757,0.0018,0.0016,nan,nan
11.6553,-0.9756,0.0018,0.0016,nan,nan
11.6553,-0.9754,0.0018,0.0016,nan,nan
11.6553,-0.9753,0.0018,0.0016,nan,nan
11.6553,-0.9752,0.0018,0.0016,nan,nan
11.6554,-0.9751,0.0018,0.0016,nan,nan
11.6554,-0.9750,0.0018,0.0016,nan,nan
11.6554,-0.9748,0.0018,0.0016,nan,nan
11.6554,-0.9747,0.0018,0.0016,nan,nan
11.6554,-0.9746,0.0018,0.0016,nan,nan
11.6554,-0.9745,0.0018,0.0016,nan,nan
11.6555,-0.9744,0.0018,0.0016,nan,nan
11.6555,-0.9743,0.0018,0.0016,nan,nan
11.6555,-0.9741,0.0018,0.0016,nan,nan
11.6555,-0.9740,0.0018,0.0016,nan,nan
11.6555,-0.9739,0.0018,0.0016,nan,nan
11.6555,-0.9738,0.0018,0.0016,nan,nan
11.6556,-0.9737,0.0018,0.0016,nan,nan
11.6556,-0.9736,0.0018,0.0016,nan,nan
11.6556,-0.9734,0.0018,0.0016,nan,nan
11.6556,-0.9733,0.0018,0.0016,nan,nan
11.6556,-0.9732,0.0018,0.0016,nan,nan
11.6556,-0.9731,0.0018,0.0016,nan,nan
11.6557,-0.9730,0.0018,0.0016,nan,nan
11.6557,-0.9729,0.0018,0.0016,nan,nan
11.6557,-0.9728,0.0018,0.0016,nan,nan
11.6557,-0.9727,0.0018,0.0016,nan,nan
11.6557,-0.9726,0.0018,0.0016,nan,nan
